instrument_name,option_type,expiry,strike,days_to_expiry,underlying_price_usd,market_price_usd,implied_volatility,moneyness,abs_moneyness,term_bucket,same_expiry_iv_zscore,same_expiry_iv_percentile,surface_iv_zscore,surface_iv_percentile,surface_relative_value_score,bid_ask_spread_pct,delta,gamma,vega,theta,open_interest,volume
ETH-17MAY26-2275-C,call,2026-05-17,2275.0,3.049874001041667,2267.11,30.152563,0.4069,0.0034802016664388,0.0034802016664388,front_week,-0.961367696424127,0.03260869565217391,-1.4178228904161283,0.009375,0.7913527967689509,0.1132075471698113,0.47019,0.00472,0.82446,-5.49972,117.0,171.0
ETH-17MAY26-2275-P,put,2026-05-17,2275.0,3.049874001041667,2267.11,37.634026000000006,0.4069,0.0034802016664388,0.0034802016664388,front_week,-0.961367696424127,0.03260869565217391,-1.4178228904161283,0.009375,0.8214107890910941,0.0606060606060606,-0.52981,0.00472,0.82446,-5.49972,70.0,72.0
ETH-17MAY26-2250-C,call,2026-05-17,2250.0,3.049874001041667,2267.11,43.07509,0.4094,-0.0075470532969287,0.0075470532969287,front_week,-0.9364931778873015,0.07608695652173914,-1.3916258542952498,0.021875,0.7933020740795175,0.077922077922078,0.5875,0.00459,0.8068,-5.4152,407.0,487.0
ETH-17MAY26-2250-P,put,2026-05-17,2250.0,3.049874001041667,2267.11,25.618343,0.4094,-0.0075470532969287,0.0075470532969287,front_week,-0.9364931778873015,0.07608695652173914,-1.3916258542952498,0.021875,0.812432150352451,0.0444444444444444,-0.4125,0.00459,0.8068,-5.4152,2506.0,2717.0
ETH-17MAY26-2300-C,call,2026-05-17,2300.0,3.049874001041667,2267.11,20.177279,0.4097,0.0145074566298062,0.0145074566298062,front_week,-0.9335082356628822,0.11956521739130435,-1.388482209960744,0.034375,0.7574654699250808,0.111111111111111,0.35725,0.00439,0.77326,-5.19394,60.0,63.0
ETH-17MAY26-2300-P,put,2026-05-17,2300.0,3.049874001041667,2267.11,52.823663,0.4097,0.0145074566298062,0.0145074566298062,front_week,-0.9335082356628822,0.11956521739130435,-1.388482209960744,0.034375,0.7840911739701396,0.064516129032258,-0.64275,0.00439,0.77326,-5.19394,2503.0,2504.0
ETH-17MAY26-2225-C,call,2026-05-17,2225.0,3.049874001041667,2267.11,59.39828200000001,0.416,-0.0185743082602961,0.0185743082602961,front_week,-0.8708244489500822,0.20652173913043478,-1.3224656789361304,0.059375,0.689843651651881,0.165137614678899,0.69569,0.00406,0.72519,-4.94559,52.0,52.0
ETH-17MAY26-2225-P,put,2026-05-17,2225.0,3.049874001041667,2267.11,17.003325,0.416,-0.0185743082602961,0.0185743082602961,front_week,-0.8708244489500822,0.20652173913043478,-1.3224656789361304,0.059375,0.70801752670649,0.1333333333333333,-0.30431,0.00406,0.72519,-4.94559,35.0,37.0
ETH-17MAY26-2325-C,call,2026-05-17,2325.0,3.049874001041667,2267.11,13.149238,0.4146,0.0255347115931736,0.0255347115931736,front_week,-0.8847541793307041,0.16304347826086957,-1.337136019163822,0.046875,0.7040177466489509,0.1666666666666665,0.25905,0.00377,0.67095,-4.56075,32.0,32.0
ETH-17MAY26-2325-P,put,2026-05-17,2325.0,3.049874001041667,2267.11,70.733832,0.4146,0.0255347115931736,0.0255347115931736,front_week,-0.8847541793307041,0.16304347826086957,-1.337136019163822,0.046875,0.6970491055339683,0.1788617886178862,-0.74095,0.00377,0.67095,-4.56075,1.0,1.0
ETH-17MAY26-2200-C,call,2026-05-17,2200.0,3.049874001041667,2267.11,78.66871700000002,0.4295,-0.0296015632236636,0.0296015632236636,front_week,-0.7365020488512244,0.29347826086956524,-1.181001683883386,0.084375,0.6678510311131297,0.1258741258741258,0.78374,0.00329,0.60758,-4.27776,118.0,118.0
ETH-17MAY26-2200-P,put,2026-05-17,2200.0,3.049874001041667,2267.11,11.108839,0.4295,-0.0296015632236636,0.0296015632236636,front_week,-0.7365020488512244,0.29347826086956524,-1.181001683883386,0.084375,0.6796287271013519,0.1052631578947369,-0.21626,0.00329,0.60758,-4.27776,1074.0,1084.0
ETH-17MAY26-2350-C,call,2026-05-17,2350.0,3.049874001041667,2267.11,8.615018000000001,0.4227,0.036561966556541,0.036561966556541,front_week,-0.8041607392713894,0.25,-1.2522576221321755,0.071875,0.6853309057501082,0.12987012987013,0.18139,0.00301,0.54643,-3.78674,1235.0,1252.0
ETH-17MAY26-2350-P,put,2026-05-17,2350.0,3.049874001041667,2267.11,91.137822,0.4227,0.036561966556541,0.036561966556541,front_week,-0.8041607392713894,0.25,-1.2522576221321755,0.071875,0.6661012584881161,0.1635220125786163,-0.81861,0.00301,0.54643,-3.78674,0.0,0.0
ETH-17MAY26-2175-C,call,2026-05-17,2175.0,3.049874001041667,2267.11,99.75284,0.4461,-0.0406288181870311,0.0406288181870311,front_week,-0.571335245766703,0.3804347826086957,-1.0070533640407524,0.109375,0.623187769647632,0.1215469613259667,0.85021,0.00252,0.48276,-3.53079,0.0,0.0
ETH-17MAY26-2175-P,put,2026-05-17,2175.0,3.049874001041667,2267.11,7.254752000000001,0.4461,-0.0406288181870311,0.0406288181870311,front_week,-0.571335245766703,0.3804347826086957,-1.0070533640407524,0.109375,0.6364370871266387,0.0983606557377049,-0.14979,0.00252,0.48276,-3.53079,387.0,387.0
ETH-17MAY26-2375-C,call,2026-05-17,2375.0,3.049874001041667,2267.11,5.441064,0.4345,0.0475892215199085,0.0475892215199085,front_week,-0.6867530117775733,0.33695652173913043,-1.128607611641629,0.096875,0.5999799315890426,0.2040816326530611,0.12491,0.00228,0.42639,-3.03714,166.0,166.0
ETH-17MAY26-2375-P,put,2026-05-17,2375.0,3.049874001041667,2267.11,113.128789,0.4345,0.0475892215199085,0.0475892215199085,front_week,-0.6867530117775733,0.33695652173913043,-1.128607611641629,0.096875,0.5165980073907918,1.5305164319248823,-0.87509,0.00228,0.42639,-3.03714,0.0,0.0
ETH-17MAY26-2150-C,call,2026-05-17,2150.0,3.049874001041667,2267.11,122.19722900000002,0.4679999999999999,-0.0516560731503985,0.0516560731503985,front_week,-0.3534344633841124,0.4673913043478261,-0.7775673276218573,0.178125,0.5736522153936999,0.1176470588235296,0.89634,0.00186,0.37334,-2.86447,0.0,0.0
ETH-17MAY26-2150-P,put,2026-05-17,2150.0,3.049874001041667,2267.11,4.760931,0.4679999999999999,-0.0516560731503985,0.0516560731503985,front_week,-0.3534344633841124,0.4673913043478261,-0.7775673276218573,0.178125,0.5320355687350367,0.1904761904761903,-0.10366,0.00186,0.37334,-2.86447,109.0,109.0
ETH-17MAY26-2400-C,call,2026-05-17,2400.0,3.049874001041667,2267.11,3.627376,0.4501,0.0586164764832759,0.0586164764832759,front_week,-0.5315360161077821,0.42391304347826086,-0.9651381062473467,0.121875,0.5664392111104619,0.1818181818181817,0.08628,0.00169,0.32611,-2.4062,43.0,43.0
ETH-17MAY26-2400-P,put,2026-05-17,2400.0,3.049874001041667,2267.11,136.253311,0.4501,0.0586164764832759,0.0586164764832759,front_week,-0.5315360161077821,0.42391304347826086,-0.9651381062473467,0.121875,0.4703353150065658,1.3599999999999997,-0.91372,0.00169,0.32611,-2.4062,0.0,0.0
ETH-17MAY26-2125-C,call,2026-05-17,2125.0,3.049874001041667,2267.11,145.775173,0.4943,-0.062683328113766,0.062683328113766,front_week,-0.09175452837670707,0.5543478260869565,-0.5019745076302139,0.359375,0.5287817667363659,0.0988593155893537,0.92718,0.00135,0.28681,-2.32416,0.0,0.0
ETH-17MAY26-2125-P,put,2026-05-17,2125.0,3.049874001041667,2267.11,3.400665,0.4943,-0.062683328113766,0.062683328113766,front_week,-0.09175452837670707,0.5543478260869565,-0.5019745076302139,0.359375,0.4670462032307747,0.2068965517241381,-0.07283,0.00135,0.28684,-2.32438,52.0,52.0
ETH-17MAY26-2425-C,call,2026-05-17,2425.0,3.049874001041667,2267.11,2.4938210000000005,0.4700999999999999,0.0696437314466433,0.0696437314466433,front_week,-0.332539867813179,0.5108695652173914,-0.7555618172803193,0.209375,0.4711620676765779,0.2608695652173912,0.06111,0.00124,0.25043,-1.92976,73.0,73.0
ETH-17MAY26-2425-P,put,2026-05-17,2425.0,3.049874001041667,2267.11,160.057966,0.4700999999999999,0.0696437314466433,0.0696437314466433,front_week,-0.332539867813179,0.5108695652173914,-0.7555618172803193,0.209375,0.4202303906579443,1.2,-0.93889,0.00124,0.25043,-1.92976,0.0,0.0
ETH-17MAY26-2100-C,call,2026-05-17,2100.0,3.049874001041667,2267.11,169.806539,0.5223,-0.0737105830771335,0.0737105830771335,front_week,0.18684007923573825,0.6847826086956522,-0.2085677030763745,0.534375,0.46785183030923894,0.0789473684210527,0.94819,0.00098,0.21989,-1.88261,0.0,0.0
ETH-17MAY26-2100-P,put,2026-05-17,2100.0,3.049874001041667,2267.11,2.4938210000000005,0.5223,-0.0737105830771335,0.0737105830771335,front_week,0.18684007923573825,0.6847826086956522,-0.2085677030763745,0.534375,0.3986788979784118,0.2000000000000002,-0.05181,0.00098,0.21989,-1.88261,1075.0,1088.0
ETH-17MAY26-2450-C,call,2026-05-17,2450.0,3.049874001041667,2267.11,1.813688,0.4953,0.080670986410011,0.080670986410011,front_week,-0.08180472096197686,0.5978260869565217,-0.4914956931818625,0.371875,0.36558464671503704,0.3529411764705882,0.04542,0.00093,0.19792,-1.60717,44.0,44.0
ETH-17MAY26-2450-P,put,2026-05-17,2450.0,3.049874001041667,2267.11,184.542754,0.4953,0.080670986410011,0.080670986410011,front_week,-0.08180472096197686,0.5978260869565217,-0.4914956931818625,0.371875,0.36558464671503704,1.0630630630630629,-0.95458,0.00093,0.19792,-1.60717,0.0,0.0
ETH-17MAY26-2075-C,call,2026-05-17,2075.0,3.049874001041667,2267.11,194.064616,0.5516,-0.0847378380405009,0.0847378380405009,front_week,0.4783694364873331,0.7717391304347826,0.09846156026032196,0.671875,0.42671483595751114,0.0634005763688759,0.96254,0.00071,0.16929,-1.53096,0.0,0.0
ETH-17MAY26-2075-P,put,2026-05-17,2075.0,3.049874001041667,2267.11,1.813688,0.5516,-0.0847378380405009,0.0847378380405009,front_week,0.4783694364873331,0.7717391304347826,0.09846156026032196,0.671875,0.2996784306172769,0.2857142857142858,-0.03746,0.00071,0.16929,-1.53096,0.0,0.0
ETH-17MAY26-2475-C,call,2026-05-17,2475.0,3.049874001041667,2267.11,1.360266,0.5204,0.0916982413733784,0.0916982413733784,front_week,0.16793544514775074,0.6413043478260869,-0.22847745052824234,0.496875,0.3262436175302141,0.4615384615384615,0.03433,0.00071,0.1576,-1.34455,150.0,150.0
ETH-17MAY26-2475-P,put,2026-05-17,2475.0,3.049874001041667,2267.11,209.027542,0.5204,0.0916982413733784,0.0916982413733784,front_week,0.16793544514775074,0.6413043478260869,-0.22847745052824234,0.496875,0.3262436175302141,0.946808510638298,-0.96567,0.00071,0.1576,-1.34455,0.0,0.0
ETH-17MAY26-2050-C,call,2026-05-17,2050.0,3.049874001041667,2267.11,218.776115,0.5858,-0.0957650930038683,0.0957650930038683,front_week,0.8186528500711061,0.8586956521739131,0.45683701439394053,0.771875,0.3951386679735216,0.0615384615384616,0.9717,0.00053,0.13435,-1.29025,0.0,0.0
ETH-17MAY26-2050-P,put,2026-05-17,2050.0,3.049874001041667,2267.11,1.360266,0.5858,-0.0957650930038683,0.0957650930038683,front_week,0.8186528500711061,0.8586956521739131,0.45683701439394053,0.771875,0.2303035031383568,0.5454545454545454,-0.02837,0.00054,0.13463,-1.29292,500.0,501.0
ETH-17MAY26-2500-C,call,2026-05-17,2500.0,3.049874001041667,2267.11,0.906844,0.5331,0.1027254963367458,0.1027254963367458,front_week,0.29429799931482475,0.7282608695652174,-0.09539650703417887,0.596875,0.28251330530433966,0.5000000000000001,0.02365,0.0005,0.1156,-0.97545,11.0,11.0
ETH-17MAY26-2500-P,put,2026-05-17,2500.0,3.049874001041667,2267.11,233.51233,0.5331,0.1027254963367458,0.1027254963367458,front_week,0.29429799931482475,0.7282608695652174,-0.09539650703417887,0.596875,0.28251330530433966,0.850356294536817,-0.97635,0.0005,0.1156,-1.01027,0.0,0.0
ETH-17MAY26-2000-C,call,2026-05-17,2000.0,3.049874001041667,2267.11,268.199113,0.6633,-0.1178196029306033,0.1178196029306033,front_week,1.5897629247126968,0.9456521739130435,1.2689451341411757,0.884375,0.36431076852933963,0.0545073375262053,0.98199,0.00032,0.09177,-0.99777,0.0,0.0
ETH-17MAY26-2000-P,put,2026-05-17,2000.0,3.049874001041667,2267.11,0.906844,0.6633,-0.1178196029306033,0.1178196029306033,front_week,1.5897629247126968,0.9456521739130435,1.2689451341411757,0.884375,0.19545781854431413,0.5000000000000001,-0.01801,0.00032,0.09177,-0.90634,1965.0,1965.0
ETH-17MAY26-2550-C,call,2026-05-17,2550.0,3.049874001041667,2267.11,0.453422,0.5745,0.1247800062634807,0.1247800062634807,front_week,0.706220026284655,0.8152173913043478,0.33842641112756977,0.734375,0.23971791179078214,1.2000000000000002,0.01341,0.00029,0.07124,-0.55587,0.0,0.0
ETH-17MAY26-2550-P,put,2026-05-17,2550.0,3.049874001041667,2267.11,283.162039,0.5745,0.1247800062634807,0.1247800062634807,front_week,0.706220026284655,0.8152173913043478,0.33842641112756977,0.734375,0.23971791179078214,0.7190569744597248,-0.98659,0.00029,0.07124,-0.6709,0.0,0.0
ETH-17MAY26-2600-C,call,2026-05-17,2600.0,3.049874001041667,2267.11,0.453422,0.6332,0.1468345161902156,0.1468345161902156,front_week,1.2902737215293176,0.9021739130434783,0.9535328192457978,0.846875,0.40487222719673954,,0.00966,0.0002,0.05361,-0.42527,132.0,132.0
ETH-17MAY26-2600-P,put,2026-05-17,2600.0,3.049874001041667,2267.11,333.03845900000005,0.6332,0.1468345161902156,0.1468345161902156,front_week,1.2902737215293176,0.9021739130434783,0.9535328192457978,0.846875,0.2048722271967395,0.6308724832214766,-0.99034,0.0002,0.05361,-0.55649,0.0,0.0
ETH-17MAY26-1900-C,call,2026-05-17,1900.0,3.049874001041667,2267.11,367.951953,0.8295999999999999,-0.1619286227840731,0.1619286227840731,front_week,3.244415897782328,0.9891304347826086,3.0115719769020153,0.984375,0.35216681841256703,0.0336906584992343,0.99102,0.00014,0.05026,-0.68351,0.0,0.0
ETH-17MAY26-1900-P,put,2026-05-17,1900.0,3.049874001041667,2267.11,0.453422,0.8295999999999999,-0.1619286227840731,0.1619286227840731,front_week,3.244415897782328,0.9891304347826086,3.0115719769020153,0.984375,0.17141862326927237,0.3999999999999998,-0.00898,0.00014,0.05026,-0.52492,80.0,80.0
ETH-22MAY26-2250-C,call,2026-05-22,2250.0,8.049874001041667,2267.11,71.187254,0.461,-0.0075470532969287,0.0075470532969287,front_month,-0.8245266611734622,0.11666666666666667,-0.8509190287603161,0.146875,0.7511386036420692,0.048,0.56057,0.00254,1.32835,-3.80336,239.0,389.0
ETH-22MAY26-2250-P,put,2026-05-22,2250.0,8.049874001041667,2267.11,53.050374000000005,0.461,-0.0075470532969287,0.0075470532969287,front_month,-0.8245266611734622,0.11666666666666667,-0.8509190287603161,0.146875,0.7662783885883058,0.0215053763440859,-0.43943,0.00254,1.32835,-3.80336,3357.0,383.0
ETH-22MAY26-2300-C,call,2026-05-22,2300.0,8.049874001041667,2267.11,47.60931000000001,0.4590999999999999,0.0145074566298062,0.0145074566298062,front_month,-0.8447130797315286,0.05,-0.8708287762121851,0.134375,0.7749566890046461,0.0476190476190475,0.43266,0.00254,1.32468,-3.77729,1773.0,1373.0
ETH-22MAY26-2300-P,put,2026-05-22,2300.0,8.049874001041667,2267.11,79.122139,0.4590999999999999,0.0145074566298062,0.0145074566298062,front_month,-0.8447130797315286,0.05,-0.8708287762121851,0.134375,0.7775015918578738,0.0431654676258991,-0.56734,0.00254,1.32468,-3.77729,3721.0,43.0
ETH-22MAY26-2200-C,call,2026-05-22,2200.0,8.049874001041667,2267.11,102.01995,0.4685,-0.0296015632236636,0.0296015632236636,front_month,-0.7448434300232047,0.31666666666666665,-0.7723279203976804,0.196875,0.6660363747496281,0.0552486187845304,0.68229,0.00226,1.20101,-3.49459,217.0,0.0
ETH-22MAY26-2200-P,put,2026-05-22,2200.0,8.049874001041667,2267.11,33.779939,0.4685,-0.0296015632236636,0.0296015632236636,front_month,-0.7448434300232047,0.31666666666666665,-0.7723279203976804,0.196875,0.659511775959836,0.0666666666666665,-0.31771,0.00226,1.20101,-3.49459,4906.0,1009.0
ETH-22MAY26-2350-C,call,2026-05-22,2350.0,8.049874001041667,2267.11,30.379274,0.4612,0.036561966556541,0.036561966556541,front_month,-0.8224017750094555,0.18333333333333332,-0.848823265870646,0.159375,0.70692816984987,0.0740740740740741,0.31473,0.00229,1.19622,-3.42686,2806.0,258.0
ETH-22MAY26-2350-P,put,2026-05-22,2350.0,8.049874001041667,2267.11,112.221945,0.4612,0.036561966556541,0.036561966556541,front_month,-0.8224017750094555,0.18333333333333332,-0.848823265870646,0.159375,0.7142707894373875,0.0612244897959184,-0.68527,0.00229,1.19622,-3.42686,1040.0,0.0
ETH-22MAY26-2150-C,call,2026-05-22,2150.0,8.049874001041667,2267.11,139.200554,0.4836999999999999,-0.0516560731503985,0.0516560731503985,front_month,-0.5833520815586843,0.45,-0.6130499407827401,0.271875,0.5875419947208629,0.08,0.78272,0.0018,0.99031,-2.97539,150.0,0.0
ETH-22MAY26-2150-P,put,2026-05-22,2150.0,8.049874001041667,2267.11,20.857412,0.4836999999999999,-0.0516560731503985,0.0516560731503985,front_month,-0.5833520815586843,0.45,-0.6130499407827401,0.271875,0.5697642169430852,0.111111111111111,-0.21737,0.0018,0.99052,-2.97599,2243.0,332.0
ETH-22MAY26-2400-C,call,2026-05-22,2400.0,8.049874001041667,2267.11,19.043724,0.4679999999999999,0.0586164764832759,0.0586164764832759,front_month,-0.750155645433223,0.25,-0.7775673276218573,0.178125,0.6483470912488638,0.1176470588235293,0.21835,0.00187,0.99309,-2.88658,4807.0,5585.0
ETH-22MAY26-2400-P,put,2026-05-22,2400.0,8.049874001041667,2267.11,150.76281500000002,0.4679999999999999,0.0586164764832759,0.0586164764832759,front_month,-0.750155645433223,0.25,-0.7775673276218573,0.178125,0.6761651150100924,0.0689655172413793,-0.78165,0.00187,0.99309,-2.88658,385.0,2.0
ETH-22MAY26-2100-C,call,2026-05-22,2100.0,8.049874001041667,2267.11,181.142089,0.5047999999999999,-0.0737105830771335,0.0737105830771335,front_month,-0.3591765912559601,0.5833333333333334,-0.3919469559225251,0.409375,0.525072144363465,0.0676923076923077,0.85668,0.00133,0.76175,-2.38818,0.0,0.0
ETH-22MAY26-2100-P,put,2026-05-22,2100.0,8.049874001041667,2267.11,12.922527,0.5047999999999999,-0.0737105830771335,0.0737105830771335,front_month,-0.3591765912559601,0.5833333333333334,-0.3919469559225251,0.409375,0.45985735914867987,0.1818181818181817,-0.14332,0.00133,0.76175,-2.38818,3608.0,1211.0
ETH-22MAY26-2450-C,call,2026-05-22,2450.0,8.049874001041667,2267.11,12.015683,0.4797999999999999,0.080670986410011,0.080670986410011,front_month,-0.6247873617568184,0.38333333333333336,-0.6539173171313107,0.221875,0.5997704771047908,0.0952380952380951,0.14773,0.00143,0.77744,-2.31692,2277.0,103.0
ETH-22MAY26-2450-P,put,2026-05-22,2450.0,8.049874001041667,2267.11,193.611194,0.4797999999999999,0.080670986410011,0.080670986410011,front_month,-0.6247873617568184,0.38333333333333336,-0.6539173171313107,0.221875,0.4541922458122737,0.4503631961259079,-0.85227,0.00143,0.77744,-2.31692,95.0,0.0
ETH-22MAY26-2500-C,call,2026-05-22,2500.0,8.049874001041667,2267.11,7.481463000000001,0.494,0.1027254963367458,0.1027254963367458,front_month,-0.4739204441123299,0.5166666666666667,-0.5051181519647195,0.346875,0.5234878559734084,0.1176470588235292,0.0986,0.00104,0.58511,-1.7952,9904.0,1949.0
ETH-22MAY26-2500-P,put,2026-05-22,2500.0,8.049874001041667,2267.11,239.180105,0.494,0.1027254963367458,0.1027254963367458,front_month,-0.4739204441123299,0.5166666666666667,-0.5051181519647195,0.346875,0.3907147467297108,0.4299802761341223,-0.9014,0.00104,0.58511,-1.7952,18.0,0.0
ETH-22MAY26-2000-C,call,2026-05-22,2000.0,8.049874001041667,2267.11,273.413466,0.5670000000000001,-0.1178196029306033,0.1178196029306033,front_month,0.3016630057501761,0.7166666666666667,0.25983530276493466,0.696875,0.4498943031941891,0.0449897750511247,0.93781,0.00064,0.41265,-1.4533,5.0,0.0
ETH-22MAY26-2000-P,put,2026-05-22,2000.0,8.049874001041667,2267.11,5.214353,0.5670000000000001,-0.1178196029306033,0.1178196029306033,front_month,0.3016630057501761,0.7166666666666667,0.25983530276493466,0.696875,0.3762238640929684,0.1739130434782609,-0.06219,0.00064,0.41265,-1.4533,2033.0,21.0
ETH-22MAY26-2600-C,call,2026-05-22,2600.0,8.049874001041667,2267.11,3.400665,0.5342,0.1468345161902156,0.1468345161902156,front_month,-0.04681832514695009,0.65,-0.08386981114099241,0.609375,0.3895231693493591,0.1935483870967741,0.04636,0.00054,0.32705,-1.08508,6661.0,483.0
ETH-22MAY26-2600-P,put,2026-05-22,2600.0,8.049874001041667,2267.11,334.852147,0.5342,0.1468345161902156,0.1468345161902156,front_month,-0.04681832514695009,0.65,-0.08386981114099241,0.609375,0.4211748792693202,0.1381578947368422,-0.95361,0.00054,0.32719,-1.08555,1.0,0.0
ETH-22MAY26-2700-C,call,2026-05-22,2700.0,8.049874001041667,2267.11,1.813688,0.5839,0.1909435360436855,0.1909435360436855,front_month,0.48121588660875525,0.7833333333333333,0.43692726694207273,0.759375,0.29478748326745347,0.2499999999999999,0.02465,0.00029,0.19456,-0.70561,2563.0,122.0
ETH-22MAY26-2700-P,put,2026-05-22,2700.0,8.049874001041667,2267.11,433.244721,0.5839,0.1909435360436855,0.1909435360436855,front_month,0.48121588660875525,0.7833333333333333,0.43692726694207273,0.759375,0.3774942501847467,0.1052631578947367,-0.97535,0.00029,0.19456,-0.70561,1.0,0.0
ETH-22MAY26-1800-C,call,2026-05-22,1800.0,8.049874001041667,2267.11,469.51848100000007,0.7539,-0.2060376426375429,0.2060376426375429,front_month,2.28736912601459,0.9833333333333333,2.218325723161814,0.959375,0.35092248174998375,0.0239808153477218,0.98306,0.00017,0.14162,-0.66311,1.0,0.0
ETH-22MAY26-1800-P,put,2026-05-22,1800.0,8.049874001041667,2267.11,1.586977,0.7539,-0.2060376426375429,0.2060376426375429,front_month,2.28736912601459,0.9833333333333333,2.218325723161814,0.959375,0.20136049868337574,0.2857142857142858,-0.01694,0.00017,0.14162,-0.66311,5997.0,53.0
ETH-22MAY26-2800-C,call,2026-05-22,2800.0,8.049874001041667,2267.11,0.906844,0.626,0.2350525558971552,0.2350525558971552,front_month,0.9285044241322004,0.85,0.8780853552176677,0.834375,0.20548948882056894,0.6666666666666667,0.01325,0.00016,0.11465,-0.44579,673.0,1.0
ETH-22MAY26-2800-P,put,2026-05-22,2800.0,8.049874001041667,2267.11,532.544139,0.626,0.2350525558971552,0.2350525558971552,front_month,0.9285044241322004,0.85,0.8780853552176677,0.834375,0.2572997610630613,0.2593320235756384,-0.98675,0.00016,0.11465,-0.44579,0.0,0.0
ETH-22MAY26-3000-C,call,2026-05-22,3000.0,8.049874001041667,2267.11,0.453422,0.7340000000000001,0.3232705956040951,0.3232705956040951,front_month,2.075942952695908,0.9166666666666666,2.009797315639622,0.946875,0.16451254754584765,1.2000000000000002,0.00603,7e-05,0.05754,-0.26235,210.0,30.0
ETH-22MAY26-3000-P,put,2026-05-22,3000.0,8.049874001041667,2267.11,731.8231079999999,0.7340000000000001,0.3232705956040951,0.3232705956040951,front_month,2.075942952695908,0.9166666666666666,2.009797315639622,0.946875,0.17462243765573787,0.3323076923076921,-0.99397,7e-05,0.05754,-0.26235,0.0,0.0
ETH-29MAY26-2250-C,call,2026-05-29,2250.0,15.049874001041667,2267.11,99.072707,0.4886,-0.0075470532969287,0.0075470532969287,front_month,-0.7835005945422295,0.22115384615384615,-0.5617037499858174,0.309375,0.7047591000205615,0.0229885057471264,0.55306,0.00176,1.82163,-2.957,15343.0,870.0
ETH-29MAY26-2250-P,put,2026-05-29,2250.0,15.049874001041667,2267.11,80.255694,0.4886,-0.0075470532969287,0.0075470532969287,front_month,-0.7835005945422295,0.22115384615384615,-0.5617037499858174,0.309375,0.7015688584066747,0.0285714285714284,-0.44694,0.00176,1.82163,-2.957,21155.0,7154.0
ETH-29MAY26-2300-C,call,2026-05-29,2300.0,15.049874001041667,2267.11,74.81463000000001,0.4846999999999999,0.0145074566298062,0.0145074566298062,front_month,-0.8230382477156063,0.14423076923076922,-0.6025711263343887,0.284375,0.729515982655118,0.0303030303030303,0.46429,0.00178,1.83054,-2.94787,10144.0,930.0
ETH-29MAY26-2300-P,put,2026-05-29,2300.0,15.049874001041667,2267.11,106.100748,0.4846999999999999,0.0145074566298062,0.0145074566298062,front_month,-0.8230382477156063,0.14423076923076922,-0.6025711263343887,0.284375,0.7345432134888005,0.0215053763440859,-0.53571,0.00178,1.83054,-2.94787,18392.0,756.0
ETH-29MAY26-2200-C,call,2026-05-29,2200.0,15.049874001041667,2267.11,127.865004,0.4938,-0.0296015632236636,0.0296015632236636,front_month,-0.7307837236443943,0.25961538461538464,-0.5072139148543896,0.321875,0.6802440337396531,0.0266666666666668,0.63951,0.00165,1.72434,-2.82876,11649.0,0.0
ETH-29MAY26-2200-P,put,2026-05-29,2200.0,15.049874001041667,2267.11,59.17157100000001,0.4938,-0.0296015632236636,0.0296015632236636,front_month,-0.7307837236443943,0.25961538461538464,-0.5072139148543896,0.321875,0.6735041069997265,0.0384615384615385,-0.36044,0.00165,1.72429,-2.82866,13493.0,267.0
ETH-29MAY26-2350-C,call,2026-05-29,2350.0,15.049874001041667,2267.11,55.31748400000001,0.4821999999999999,0.036561966556541,0.036561966556541,front_month,-0.8483828971857192,0.028846153846153848,-0.6287681624552672,0.234375,0.7616651845534604,0.0408163265306122,0.37819,0.00171,1.75155,-2.80612,9367.0,360.0
ETH-29MAY26-2350-P,put,2026-05-29,2350.0,15.049874001041667,2267.11,136.480022,0.4821999999999999,0.036561966556541,0.036561966556541,front_month,-0.8483828971857192,0.028846153846153848,-0.6287681624552672,0.234375,0.761079654465753,0.0418410041841002,-0.62176,0.00171,1.75165,-2.80627,17079.0,152.0
ETH-29MAY26-2150-C,call,2026-05-29,2150.0,15.049874001041667,2267.11,161.191521,0.5015,-0.0516560731503985,0.0516560731503985,front_month,-0.6527222032764473,0.375,-0.42652704360208443,0.396875,0.627978689686078,0.027972027972028,0.71876,0.00146,1.55416,-2.58916,13116.0,100.0
ETH-29MAY26-2150-P,put,2026-05-29,2150.0,15.049874001041667,2267.11,42.394957000000005,0.5015,-0.0516560731503985,0.0516560731503985,front_month,-0.6527222032764473,0.375,-0.42652704360208443,0.396875,0.6130746747820631,0.0540540540540541,-0.28124,0.00146,1.55416,-2.58916,7531.0,373.0
ETH-29MAY26-2400-C,call,2026-05-29,2400.0,15.049874001041667,2267.11,40.127847,0.4822999999999999,0.0586164764832759,0.0586164764832759,front_month,-0.8473691112069148,0.0673076923076923,-0.6277202810104322,0.246875,0.7343759745886989,0.057142857142857,0.29977,0.00156,1.60127,-2.56559,21709.0,5228.0
ETH-29MAY26-2400-P,put,2026-05-29,2400.0,15.049874001041667,2267.11,171.166805,0.4822999999999999,0.0586164764832759,0.0586164764832759,front_month,-0.8473691112069148,0.0673076923076923,-0.6277202810104322,0.246875,0.7480446978919736,0.0332225913621262,-0.70028,0.00156,1.60114,-2.56537,7475.0,0.0
ETH-29MAY26-2100-C,call,2026-05-29,2100.0,15.049874001041667,2267.11,199.052258,0.5141,-0.0737105830771335,0.0737105830771335,front_month,-0.5249851699470777,0.4519230769230769,-0.294493981552856,0.434375,0.5789630820724875,0.0396600566572238,0.78606,0.00123,1.34227,-2.29265,7939.0,0.0
ETH-29MAY26-2100-P,put,2026-05-29,2100.0,15.049874001041667,2267.11,30.379274,0.5141,-0.0737105830771335,0.0737105830771335,front_month,-0.5249851699470777,0.4519230769230769,-0.294493981552856,0.434375,0.5800626292728418,0.0377358490566038,-0.21394,0.00123,1.34227,-2.29265,66495.0,60179.0
ETH-29MAY26-2450-C,call,2026-05-29,2450.0,15.049874001041667,2267.11,28.565586000000003,0.483,0.080670986410011,0.080670986410011,front_month,-0.8402726093552824,0.10576923076923077,-0.6203851108965853,0.259375,0.7028310454758635,0.0799999999999999,0.23134,0.00137,1.40347,-2.25186,7446.0,429.0
ETH-29MAY26-2450-P,put,2026-05-29,2450.0,15.049874001041667,2267.11,209.707675,0.483,0.080670986410011,0.080670986410011,front_month,-0.8402726093552824,0.10576923076923077,-0.6203851108965853,0.259375,0.720518861746786,0.0490463215258854,-0.76866,0.00137,1.40347,-2.25186,2110.0,1.0
ETH-29MAY26-2050-C,call,2026-05-29,2050.0,15.049874001041667,2267.11,239.86023800000004,0.5275,-0.0957650930038683,0.0957650930038683,front_month,-0.38913784878727276,0.5288461538461539,-0.15407786794494732,0.559375,0.5372288341274789,0.0373831775700935,0.84141,0.001,1.11444,-1.95321,5861.0,50.0
ETH-29MAY26-2050-P,put,2026-05-29,2050.0,15.049874001041667,2267.11,21.310834000000003,0.5275,-0.0957650930038683,0.0957650930038683,front_month,-0.38913784878727276,0.5288461538461539,-0.15407786794494732,0.559375,0.5277026189937872,0.0540540540540541,-0.15857,0.001,1.1144,-1.95312,4993.0,89.0
ETH-29MAY26-2500-C,call,2026-05-29,2500.0,15.049874001041667,2267.11,20.177279,0.4864,0.1027254963367458,0.1027254963367458,front_month,-0.8058038860759287,0.18269230769230768,-0.5847571417721903,0.296875,0.650750291362629,0.111111111111111,0.17541,0.00115,1.18935,-1.92209,25111.0,77.0
ETH-29MAY26-2500-P,put,2026-05-29,2500.0,15.049874001041667,2267.11,251.195788,0.4864,0.1027254963367458,0.1027254963367458,front_month,-0.8058038860759287,0.18269230769230768,-0.5847571417721903,0.296875,0.6805526885119647,0.0589569160997734,-0.82459,0.00115,1.18935,-1.92209,762.0,0.0
ETH-29MAY26-2000-C,call,2026-05-29,2000.0,15.049874001041667,2267.11,283.615461,0.5453,-0.1178196029306033,0.1178196029306033,front_month,-0.2086839445600685,0.5673076923076923,0.032445029235708314,0.646875,0.5075106360453667,0.0356435643564356,0.88381,0.00078,0.90082,-1.63201,6807.0,50.0
ETH-29MAY26-2000-P,put,2026-05-29,2000.0,15.049874001041667,2267.11,14.962926,0.5453,-0.1178196029306033,0.1178196029306033,front_month,-0.2086839445600685,0.5673076923076923,0.032445029235708314,0.646875,0.43996629919409913,0.1538461538461538,-0.11619,0.00078,0.90082,-1.63201,10603.0,1511.0
ETH-29MAY26-2550-C,call,2026-05-29,2550.0,15.049874001041667,2267.11,14.509504000000002,0.4939,0.1247800062634807,0.1247800062634807,front_month,-0.7297699376655898,0.2980769230769231,-0.5061660334095546,0.334375,0.5749854905424224,0.1538461538461538,0.13245,0.00094,0.98726,-1.61994,17001.0,5237.0
ETH-29MAY26-2550-P,put,2026-05-29,2550.0,15.049874001041667,2267.11,295.40443300000004,0.4939,0.1247800062634807,0.1247800062634807,front_month,-0.7297699376655898,0.2980769230769231,-0.5061660334095546,0.334375,0.5190414345983664,0.2517482517482518,-0.86754,0.00094,0.98732,-1.62003,144.0,0.0
ETH-29MAY26-1950-C,call,2026-05-29,1950.0,15.049874001041667,2267.11,329.184372,0.5671,-0.1398741128573382,0.1398741128573382,front_month,0.012321398819316456,0.6442307692307693,0.2608831842097697,0.709375,0.4789619906153455,0.0307692307692308,0.91505,0.0006,0.71657,-1.35008,304.0,0.0
ETH-29MAY26-1950-P,put,2026-05-29,1950.0,15.049874001041667,2267.11,10.655417000000002,0.5671,-0.1398741128573382,0.1398741128573382,front_month,0.012321398819316456,0.6442307692307693,0.2608831842097697,0.709375,0.4479121893527784,0.0851063829787233,-0.08495,0.0006,0.71657,-1.35008,5703.0,172.0
ETH-29MAY26-2600-C,call,2026-05-29,2600.0,15.049874001041667,2267.11,10.428706,0.501,0.1468345161902156,0.1468345161902156,front_month,-0.6577911331704692,0.33653846153846156,-0.4317664508262596,0.384375,0.5891357317985617,0.0869565217391302,0.09877,0.00075,0.80122,-1.33349,25833.0,46.0
ETH-29MAY26-2600-P,put,2026-05-29,2600.0,15.049874001041667,2267.11,341.200055,0.501,0.1468345161902156,0.1468345161902156,front_month,-0.6577911331704692,0.33653846153846156,-0.4317664508262596,0.384375,0.5770996642583311,0.1080196399345336,-0.90123,0.00075,0.80122,-1.33349,78.0,0.0
ETH-29MAY26-1900-C,call,2026-05-29,1900.0,15.049874001041667,2267.11,376.113549,0.5916,-0.1619286227840731,0.1619286227840731,front_month,0.2606989636264226,0.7211538461538461,0.5176141381943791,0.784375,0.4464750662916812,0.0327868852459016,0.93785,0.00045,0.56415,-1.10877,186.0,0.0
ETH-29MAY26-1900-P,put,2026-05-29,1900.0,15.049874001041667,2267.11,7.708174,0.5916,-0.1619286227840731,0.1619286227840731,front_month,0.2606989636264226,0.7211538461538461,0.5176141381943791,0.784375,0.41403772140021344,0.0895522388059701,-0.06218,0.00045,0.56433,-1.10911,8737.0,42.0
ETH-29MAY26-2650-C,call,2026-05-29,2650.0,15.049874001041667,2267.11,7.481463000000001,0.51,0.1688890261169506,0.1688890261169506,front_month,-0.5665503950780627,0.41346153846153844,-0.33745712079109674,0.421875,0.5303680137835936,0.1212121212121212,0.07382,0.0006,0.6443,-1.09178,8486.0,123.0
ETH-29MAY26-2650-P,put,2026-05-29,2650.0,15.049874001041667,2267.11,388.355943,0.51,0.1688890261169506,0.1688890261169506,front_month,-0.5665503950780627,0.41346153846153844,-0.33745712079109674,0.421875,0.5146791678002175,0.1486676016830293,-0.92618,0.0006,0.6443,-1.09178,11.0,0.0
ETH-29MAY26-1850-C,call,2026-05-29,1850.0,15.049874001041667,2267.11,424.176281,0.6194,-0.1839831327108081,0.1839831327108081,front_month,0.5425314657340774,0.7980769230769231,0.8089251798585478,0.821875,0.41718132611606995,0.0292164674634793,0.95406,0.00034,0.44401,-0.91364,50.0,0.0
ETH-29MAY26-1850-P,put,2026-05-29,1850.0,15.049874001041667,2267.11,5.667775000000001,0.6194,-0.1839831327108081,0.1839831327108081,front_month,0.5425314657340774,0.7980769230769231,0.8089251798585478,0.821875,0.3639056048998658,0.1224489795918366,-0.04596,0.00034,0.44416,-0.91394,3115.0,10.0
ETH-29MAY26-2700-C,call,2026-05-29,2700.0,15.049874001041667,2267.11,5.441064,0.5215,0.1909435360436855,0.1909435360436855,front_month,-0.4499650075155438,0.49038461538461536,-0.2169507546350559,0.521875,0.48828506147851936,0.1224489795918366,0.05588,0.00047,0.51894,-0.89908,18493.0,37.0
ETH-29MAY26-2700-P,put,2026-05-29,2700.0,15.049874001041667,2267.11,436.418675,0.5215,0.1909435360436855,0.1909435360436855,front_month,-0.4499650075155438,0.49038461538461536,-0.2169507546350559,0.521875,0.5239850930277381,0.0599739243807039,-0.94412,0.00047,0.51894,-0.89908,41.0,0.0
ETH-29MAY26-1800-C,call,2026-05-29,1800.0,15.049874001041667,2267.11,472.692435,0.6520999999999999,-0.2060376426375429,0.2060376426375429,front_month,0.8740394808031537,0.8365384615384616,1.1515824123196388,0.871875,0.4037445173408067,0.0214541120381406,0.96517,0.00026,0.35455,-0.76812,71.0,0.0
ETH-29MAY26-1800-P,put,2026-05-29,1800.0,15.049874001041667,2267.11,4.3075090000000005,0.6520999999999999,-0.2060376426375429,0.2060376426375429,front_month,0.8740394808031537,0.8365384615384616,1.1515824123196388,0.871875,0.29570325805433056,0.2105263157894738,-0.03483,0.00026,0.35455,-0.76812,15232.0,58.0
ETH-29MAY26-1750-C,call,2026-05-29,1750.0,15.049874001041667,2267.11,521.662011,0.6834,-0.2280921525642779,0.2280921525642779,front_month,1.1913544921689685,0.875,1.4795693045530391,0.909375,0.38454083589641086,0.0237837837837838,0.97383,0.00019,0.27973,-0.63506,96.0,0.0
ETH-29MAY26-1750-P,put,2026-05-29,1750.0,15.049874001041667,2267.11,3.173954,0.6834,-0.2280921525642779,0.2280921525642779,front_month,1.1913544921689685,0.875,1.4795693045530391,0.909375,0.2799049685019227,0.2068965517241381,-0.02617,0.00019,0.27973,-0.63506,4401.0,0.0
ETH-29MAY26-2800-C,call,2026-05-29,2800.0,15.049874001041667,2267.11,3.173954,0.5454,0.2350525558971552,0.2350525558971552,front_month,-0.20767015858126409,0.6057692307692307,0.033492910680543345,0.659375,0.32770495192888915,0.2857142857142858,0.03259,0.00029,0.3357,-0.60827,23170.0,66.0
ETH-29MAY26-2800-P,put,2026-05-29,2800.0,15.049874001041667,2267.11,533.904405,0.5454,0.2350525558971552,0.2350525558971552,front_month,-0.20767015858126409,0.6057692307692307,0.033492910680543345,0.659375,0.42499087660803925,0.1154639175257731,-0.96743,0.00029,0.33552,-0.60794,9.0,0.0
ETH-29MAY26-1700-C,call,2026-05-29,1700.0,15.049874001041667,2267.11,570.8582980000001,0.7165,-0.2501466624910128,0.2501466624910128,front_month,1.5269176511532634,0.9134615384615384,1.8264180627934714,0.934375,0.3689437117842477,0.0198019801980198,0.98014,0.00015,0.22179,-0.52797,77.0,0.0
ETH-29MAY26-1700-P,put,2026-05-29,1700.0,15.049874001041667,2267.11,2.4938210000000005,0.7165,-0.2501466624910128,0.2501466624910128,front_month,1.5269176511532634,0.9134615384615384,1.8264180627934714,0.934375,0.18025912904025898,0.3636363636363637,-0.01986,0.00015,0.22179,-0.52797,17756.0,42.0
ETH-29MAY26-2900-C,call,2026-05-29,2900.0,15.049874001041667,2267.11,1.813688,0.5752,0.2791615757506251,0.2791615757506251,front_month,0.09443806310248223,0.6826923076923077,0.34576158124141615,0.746875,0.25522537715756727,0.3529411764705882,0.02052,0.00019,0.22798,-0.43569,7208.0,133.0
ETH-29MAY26-2900-P,put,2026-05-29,2900.0,15.049874001041667,2267.11,632.7504010000001,0.5752,0.2791615757506251,0.2791615757506251,front_month,0.09443806310248223,0.6826923076923077,0.34576158124141615,0.746875,0.40790001529476055,0.0828193832599118,-0.97947,0.00019,0.22811,-0.43593,5.0,0.0
ETH-29MAY26-1600-C,call,2026-05-29,1600.0,15.049874001041667,2267.11,669.704294,0.7824,-0.2942556823444826,0.2942556823444826,front_month,2.1950026111854393,0.9519230769230769,2.5169719349398294,0.971875,0.3531454521073624,0.0084530853761623,0.98863,8e-05,0.13727,-0.35678,2608.0,0.0
ETH-29MAY26-1600-P,put,2026-05-29,1600.0,15.049874001041667,2267.11,1.586977,0.7824,-0.2942556823444826,0.2942556823444826,front_month,2.1950026111854393,0.9519230769230769,2.5169719349398294,0.971875,0.15797578660802658,0.4615384615384615,-0.01137,8e-05,0.13727,-0.35678,9161.0,32.0
ETH-29MAY26-3000-C,call,2026-05-29,3000.0,15.049874001041667,2267.11,1.133555,0.6002000000000001,0.3232705956040951,0.3232705956040951,front_month,0.3478845578036115,0.7596153846153846,0.6077319424502018,0.796875,0.21948049626379637,0.5454545454545454,0.01283,0.00012,0.15253,-0.30413,27311.0,211.0
ETH-29MAY26-3000-P,put,2026-05-29,3000.0,15.049874001041667,2267.11,731.8231079999999,0.6002000000000001,0.3232705956040951,0.3232705956040951,front_month,0.3478845578036115,0.7596153846153846,0.6077319424502018,0.796875,0.23090468220832006,0.3300076745970835,-0.98717,0.00012,0.15253,-0.30413,6.0,0.0
ETH-29MAY26-1500-C,call,2026-05-29,1500.0,15.049874001041667,2267.11,769.230423,0.8639,-0.3383647021979524,0.3383647021979524,front_month,3.02123818391112,0.9903846153846154,3.37099531248047,0.996875,0.3256527035357608,0.0175695461200584,0.99279,5e-05,0.09216,-0.26451,28.0,0.0
ETH-29MAY26-1500-P,put,2026-05-29,1500.0,15.049874001041667,2267.11,0.906844,0.8639,-0.3383647021979524,0.3383647021979524,front_month,3.02123818391112,0.9903846153846154,3.37099531248047,0.996875,0.13569244417579415,0.6666666666666667,-0.00721,5e-05,0.09216,-0.26451,3861.0,200.0
ETH-26JUN26-2300-C,call,2026-06-26,2300.0,43.049874001041665,2267.11,149.175838,0.5213,0.0145074566298062,0.0145074566298062,mid_curve,-0.709610704593081,0.296875,-0.21904651752472595,0.509375,0.6527881264764239,0.0151515151515151,0.50873,0.00098,3.11255,-1.88444,8674.0,69.0
ETH-26JUN26-2300-P,put,2026-06-26,2300.0,43.049874001041665,2267.11,176.83458000000002,0.5213,0.0145074566298062,0.0145074566298062,mid_curve,-0.709610704593081,0.296875,-0.21904651752472595,0.509375,0.6541201278084252,0.0128205128205128,-0.49123,0.00098,3.11259,-1.88447,7248.0,229.0
ETH-26JUN26-2200-C,call,2026-06-26,2200.0,43.049874001041665,2267.11,200.185813,0.5292,-0.0296015632236636,0.0296015632236636,mid_curve,-0.5742018986441597,0.421875,-0.13626388338274956,0.571875,0.5980660940340334,0.0169971671388102,0.60597,0.00093,3.0028,-1.84573,7532.0,20.0
ETH-26JUN26-2200-P,put,2026-06-26,2200.0,43.049874001041665,2267.11,128.09171500000002,0.5292,-0.0296015632236636,0.0296015632236636,mid_curve,-0.5742018986441597,0.421875,-0.13626388338274956,0.571875,0.5976649809452119,0.0176991150442479,-0.39403,0.00093,3.0028,-1.84573,15462.0,416.0
ETH-26JUN26-2400-C,call,2026-06-26,2400.0,43.049874001041665,2267.11,109.047991,0.5175,0.0586164764832759,0.0586164764832759,mid_curve,-0.7747440542900307,0.109375,-0.25886601242846163,0.459375,0.7156460828054205,0.0103626943005181,0.41343,0.00096,3.0397,-1.827,15346.0,170.0
ETH-26JUN26-2400-P,put,2026-06-26,2400.0,43.049874001041665,2267.11,236.45957300000003,0.5175,0.0586164764832759,0.0586164764832759,mid_curve,-0.7747440542900307,0.109375,-0.25886601242846163,0.459375,0.713345628572212,0.0143884892086331,-0.58657,0.00096,3.0397,-1.827,6602.0,198.0
ETH-26JUN26-2100-C,call,2026-06-26,2100.0,43.049874001041665,2267.11,261.171072,0.5390999999999999,-0.0737105830771335,0.0737105830771335,mid_curve,-0.404512382328425,0.546875,-0.03252362034407147,0.621875,0.5342200652866389,0.0215982721382289,0.69795,0.00083,2.72169,-1.70424,1378.0,1.0
ETH-26JUN26-2100-P,put,2026-06-26,2100.0,43.049874001041665,2267.11,89.324134,0.5390999999999999,-0.0737105830771335,0.0737105830771335,mid_curve,-0.404512382328425,0.546875,-0.03252362034407147,0.621875,0.5320953889677968,0.0253164556962025,-0.30205,0.00083,2.72169,-1.70424,3928.0,76.0
ETH-26JUN26-2500-C,call,2026-06-26,2500.0,43.049874001041665,2267.11,78.66871700000002,0.5174,0.1027254963367458,0.1027254963367458,mid_curve,-0.7764580898083713,0.046875,-0.2599138938732966,0.446875,0.7181449948908294,0.0289855072463768,0.32688,0.00089,2.81536,-1.69186,66557.0,47.0
ETH-26JUN26-2500-P,put,2026-06-26,2500.0,43.049874001041665,2267.11,305.833139,0.5174,0.1027254963367458,0.1027254963367458,mid_curve,-0.7764580898083713,0.046875,-0.2599138938732966,0.446875,0.7219625231951848,0.0223048327137546,-0.67308,0.00089,2.81553,-1.69196,5161.0,6.0
ETH-26JUN26-2000-C,call,2026-06-26,2000.0,43.049874001041665,2267.11,332.35832600000003,0.5542,-0.1178196029306033,0.1178196029306033,mid_curve,-0.14569301905896662,0.671875,0.12570647782603614,0.684375,0.4776974864597197,0.0237691001697793,0.77814,0.00069,2.32186,-1.49456,55738.0,0.0
ETH-26JUN26-2000-P,put,2026-06-26,2000.0,43.049874001041665,2267.11,60.53183700000001,0.5542,-0.1178196029306033,0.1178196029306033,mid_curve,-0.14569301905896662,0.671875,0.12570647782603614,0.684375,0.46971648709582003,0.0377358490566038,-0.22186,0.00069,2.32186,-1.49456,20524.0,281.0
ETH-26JUN26-2600-C,call,2026-06-26,2600.0,43.049874001041665,2267.11,55.770906,0.5176,0.1468345161902156,0.1468345161902156,mid_curve,-0.7730300187716901,0.171875,-0.2578181309836266,0.471875,0.6586380758502426,0.0408163265306122,0.25178,0.00079,2.48923,-1.49652,15958.0,21.0
ETH-26JUN26-2600-P,put,2026-06-26,2600.0,43.049874001041665,2267.11,382.461457,0.5176,0.1468345161902156,0.1468345161902156,mid_curve,-0.7730300187716901,0.171875,-0.2578181309836266,0.471875,0.6513494461126333,0.0535714285714284,-0.74819,0.00079,2.48944,-1.49664,18754.0,1.0
ETH-26JUN26-1900-C,call,2026-06-26,1900.0,43.049874001041665,2267.11,411.933887,0.5744,-0.1619286227840731,0.1619286227840731,mid_curve,0.20054215564586905,0.734375,0.33737852968273474,0.721875,0.4480585636036551,0.0219178082191781,0.84277,0.00054,1.87719,-1.25226,555.0,0.0
ETH-26JUN26-1900-P,put,2026-06-26,1900.0,43.049874001041665,2267.11,40.354558,0.5744,-0.1619286227840731,0.1619286227840731,mid_curve,0.20054215564586905,0.734375,0.33737852968273474,0.721875,0.44448644596632436,0.0281690140845068,-0.15725,0.00054,1.87733,-1.25235,5476.0,93.0
ETH-26JUN26-2700-C,call,2026-06-26,2700.0,43.049874001041665,2267.11,39.221003,0.5201,0.1909435360436855,0.1909435360436855,mid_curve,-0.7301791308131699,0.234375,-0.23162109486274743,0.484375,0.6164287394720022,0.057142857142857,0.19047,0.00067,2.12094,-1.28116,7506.0,21.0
ETH-26JUN26-2700-P,put,2026-06-26,2700.0,43.049874001041665,2267.11,465.891105,0.5201,0.1909435360436855,0.1909435360436855,mid_curve,-0.7301791308131699,0.234375,-0.23162109486274743,0.484375,0.6239333550101489,0.0440097799511001,-0.80953,0.00067,2.12094,-1.28116,343.0,0.0
ETH-26JUN26-1800-C,call,2026-06-26,1800.0,43.049874001041665,2267.11,498.08406700000006,0.6013000000000001,-0.2060376426375429,0.2060376426375429,mid_curve,0.6616177100795371,0.796875,0.6192586383433882,0.809375,0.41952017029011374,0.018140589569161,0.89098,0.0004,1.45808,-1.01828,743.0,0.0
ETH-26JUN26-1800-P,put,2026-06-26,1800.0,43.049874001041665,2267.11,26.978609,0.6013000000000001,-0.2060376426375429,0.2060376426375429,mid_curve,0.6616177100795371,0.796875,0.6192586383433882,0.809375,0.4055701120499991,0.0425531914893616,-0.10904,0.0004,1.45821,-1.01837,5716.0,104.0
ETH-26JUN26-2800-C,call,2026-06-26,2800.0,43.049874001041665,2267.11,27.658742000000004,0.5253,0.2350525558971552,0.2350525558971552,mid_curve,-0.64104928385945,0.359375,-0.17713125973132024,0.546875,0.5686455619711624,0.0408163265306122,0.14292,0.00055,1.76148,-1.0746,18008.0,752.0
ETH-26JUN26-2800-P,put,2026-06-26,2800.0,43.049874001041665,2267.11,554.081684,0.5253,0.2350525558971552,0.2350525558971552,mid_curve,-0.64104928385945,0.359375,-0.17713125973132024,0.546875,0.5708486139164932,0.0369609856262834,-0.85708,0.00055,1.76148,-1.0746,6024.0,0.0
ETH-26JUN26-1700-C,call,2026-06-26,1700.0,43.049874001041665,2267.11,588.995178,0.634,-0.2501466624910128,0.2501466624910128,mid_curve,1.2221073245769685,0.859375,0.9619158708044792,0.859375,0.390415082431877,0.0153550863723608,0.92529,0.00029,1.1014,-0.81105,273.0,0.0
ETH-26JUN26-1700-P,put,2026-06-26,1700.0,43.049874001041665,2267.11,18.13688,0.634,-0.2501466624910128,0.2501466624910128,mid_curve,1.2221073245769685,0.859375,0.9619158708044792,0.859375,0.327760846073226,0.1250000000000001,-0.07471,0.00029,1.1014,-0.81105,5120.0,1.0
ETH-26JUN26-2900-C,call,2026-06-26,2900.0,43.049874001041665,2267.11,19.723857,0.5318999999999999,0.2791615757506251,0.2791615757506251,mid_curve,-0.5279229396489602,0.484375,-0.10797108437220151,0.584375,0.5009809639897354,0.057142857142857,0.10677,0.00044,1.43628,-0.88728,14139.0,70.0
ETH-26JUN26-2900-P,put,2026-06-26,2900.0,43.049874001041665,2267.11,645.899639,0.5318999999999999,0.2791615757506251,0.2791615757506251,mid_curve,-0.5279229396489602,0.484375,-0.10797108437220151,0.584375,0.4761501621037636,0.1005967604433076,-0.89321,0.00044,1.43647,-0.8874,10.0,0.0
ETH-26JUN26-1600-C,call,2026-06-26,1600.0,43.049874001041665,2267.11,682.8535320000001,0.6693000000000001,-0.2942556823444826,0.2942556823444826,mid_curve,1.8271618625512625,0.921875,1.3318180208312853,0.896875,0.3618646102171018,0.0115990057995029,0.94962,0.0002,0.80977,-0.62947,1764.0,0.0
ETH-26JUN26-1600-P,put,2026-06-26,1600.0,43.049874001041665,2267.11,12.015683,0.6693000000000001,-0.2942556823444826,0.2942556823444826,mid_curve,1.8271618625512625,0.921875,1.3318180208312853,0.896875,0.3140708448236206,0.0952380952380951,-0.05038,0.0002,0.80977,-0.62947,7626.0,212.0
ETH-26JUN26-3000-C,call,2026-06-26,3000.0,43.049874001041665,2267.11,14.056082,0.5393,0.3232705956040951,0.3232705956040951,mid_curve,-0.40108431129174194,0.609375,-0.03042785745440025,0.634375,0.428885999952762,0.0799999999999999,0.07969,0.00035,1.15681,-0.72465,10829.0,17.0
ETH-26JUN26-3000-P,put,2026-06-26,3000.0,43.049874001041665,2267.11,739.9847040000001,0.5393,0.3232705956040951,0.3232705956040951,mid_curve,-0.40108431129174194,0.609375,-0.03042785745440025,0.634375,0.4570448764065692,0.0307219662058372,-0.92031,0.00035,1.15673,-0.7246,13312.0,0.0
ETH-26JUN26-1500-C,call,2026-06-26,1500.0,43.049874001041665,2267.11,778.7522850000001,0.7112999999999999,-0.3383647021979524,0.3383647021979524,mid_curve,2.547056780254383,0.984375,1.771928227662043,0.921875,0.3311609350010068,0.0116110304789548,0.9658,0.00014,0.59161,-0.48875,162.0,0.0
ETH-26JUN26-1500-P,put,2026-06-26,1500.0,43.049874001041665,2267.11,8.161596,0.7112999999999999,-0.3383647021979524,0.3383647021979524,mid_curve,2.547056780254383,0.984375,1.771928227662043,0.921875,0.274303746068346,0.1111111111111112,-0.0342,0.00014,0.59165,-0.48878,11950.0,73.0
