instrument_name,option_type,expiry,strike,days_to_expiry,underlying_price_usd,spot_price,moneyness,abs_moneyness,mark_price_usd,bid_price_usd,ask_price_usd,last_price_usd,market_price_usd,mark_iv,implied_volatility,delta,gamma,vega,theta,open_interest,volume,bid_ask_spread_pct,raw_reject_reason,model_price_usd,theoretical_price,price_diff_pct,volatility_spread,classification,combined_score,historical_volatility_used
ETH-17MAY26-2375-P,put,2026-05-17,2375.0,3.049874001041667,2267.11,2267.11,0.04758922151990852,0.04758922151990852,113.12878900000001,28.338875,213.10834,,113.12878900000001,43.45,0.43450000000000005,-0.87509,0.00228,0.42639,-3.03714,0.0,0.0,1.5305164319248825,spread_too_wide,,,,,,,
ETH-17MAY26-2150-C,call,2026-05-17,2150.0,3.049874001041667,2267.11,2267.11,-0.05165607315039855,0.05165607315039855,122.19722900000002,117.88972,132.62593500000003,,122.19722900000002,46.8,0.46799999999999997,0.89634,0.00186,0.37334,-2.86447,0.0,0.0,0.11764705882352963,classification_neutral,130.9156176621634,130.9156176621634,-0.06659548202004273,-0.179703117084844,neutral,0.24629859910488672,0.647703117084844
ETH-17MAY26-2150-P,put,2026-05-17,2150.0,3.049874001041667,2267.11,2267.11,-0.05165607315039855,0.05165607315039855,4.760931,4.3075090000000005,5.214353,7.934885,4.760931,46.8,0.46799999999999997,-0.10366,0.00186,0.37334,-2.86447,109.0,109.0,0.19047619047619038,market_price_below_minimum,,,,,,,
ETH-17MAY26-2400-C,call,2026-05-17,2400.0,3.049874001041667,2267.11,2267.11,0.05861647648327595,0.05861647648327595,3.6273760000000004,3.400665,4.080798,6.347908,3.6273760000000004,45.01,0.4501,0.08628,0.00169,0.32611,-2.4062,43.0,43.0,0.18181818181818174,market_price_below_minimum,,,,,,,
ETH-17MAY26-2400-P,put,2026-05-17,2400.0,3.049874001041667,2267.11,2267.11,0.05861647648327595,0.05861647648327595,136.253311,45.342200000000005,238.04655,,136.253311,45.01,0.4501,-0.91372,0.00169,0.32611,-2.4062,0.0,0.0,1.3599999999999997,spread_too_wide,,,,,,,
ETH-17MAY26-2125-C,call,2026-05-17,2125.0,3.049874001041667,2267.11,2267.11,-0.06268332811376609,0.06268332811376609,145.775173,141.694375,156.43059000000002,,145.775173,49.43,0.4943,0.92718,0.00135,0.28681,-2.32416,0.0,0.0,0.09885931558935371,classification_neutral,151.7509617370597,151.7509617370597,-0.039378918384807386,-0.15340311708484394,neutral,0.19278203546965134,0.647703117084844
ETH-17MAY26-2125-P,put,2026-05-17,2125.0,3.049874001041667,2267.11,2267.11,-0.06268332811376609,0.06268332811376609,3.400665,2.947243,3.6273760000000004,2.947243,3.400665,49.43,0.4943,-0.07283,0.00135,0.28684,-2.32438,52.0,52.0,0.2068965517241381,market_price_below_minimum,,,,,,,
ETH-17MAY26-2425-C,call,2026-05-17,2425.0,3.049874001041667,2267.11,2267.11,0.06964373144664338,0.06964373144664338,2.4938210000000005,2.26711,2.947243,7.254752000000001,2.4938210000000005,47.01,0.47009999999999996,0.06111,0.00124,0.25043,-1.92976,73.0,73.0,0.2608695652173912,market_price_below_minimum,,,,,,,
ETH-17MAY26-2425-P,put,2026-05-17,2425.0,3.049874001041667,2267.11,2267.11,0.06964373144664338,0.06964373144664338,160.057966,65.74619000000001,262.98476000000005,,160.057966,47.01,0.47009999999999996,-0.93889,0.00124,0.25043,-1.92976,0.0,0.0,1.2,spread_too_wide,,,,,,,
ETH-17MAY26-2100-C,call,2026-05-17,2100.0,3.049874001041667,2267.11,2267.11,-0.07371058307713352,0.07371058307713352,169.806539,165.49903,179.10169000000002,,169.806539,52.23,0.5223,0.94819,0.00098,0.21989,-1.88261,0.0,0.0,0.07894736842105271,classification_neutral,173.70451607830273,173.70451607830273,-0.02244027482017572,-0.12540311708484397,neutral,0.1478433919050197,0.647703117084844
ETH-17MAY26-2100-P,put,2026-05-17,2100.0,3.049874001041667,2267.11,2267.11,-0.07371058307713352,0.07371058307713352,2.4938210000000005,2.040399,2.4938210000000005,3.173954,2.4938210000000005,52.23,0.5223,-0.05181,0.00098,0.21989,-1.88261,1075.0,1088.0,0.20000000000000026,market_price_below_minimum,,,,,,,
ETH-17MAY26-2450-C,call,2026-05-17,2450.0,3.049874001041667,2267.11,2267.11,0.08067098641001103,0.08067098641001103,1.8136880000000002,1.586977,2.26711,2.040399,1.8136880000000002,49.53,0.4953,0.04542,0.00093,0.19792,-1.60717,44.0,44.0,0.35294117647058826,market_price_below_minimum,,,,,,,
ETH-17MAY26-2450-P,put,2026-05-17,2450.0,3.049874001041667,2267.11,2267.11,0.08067098641001103,0.08067098641001103,184.542754,88.41729000000001,289.056525,,184.542754,49.53,0.4953,-0.95458,0.00093,0.19792,-1.60717,0.0,0.0,1.0630630630630629,spread_too_wide,,,,,,,
ETH-17MAY26-2075-C,call,2026-05-17,2075.0,3.049874001041667,2267.11,2267.11,-0.08473783804050095,0.08473783804050095,194.064616,190.43724000000003,202.90634500000002,,194.064616,55.16,0.5516,0.96254,0.00071,0.16929,-1.53096,0.0,0.0,0.06340057636887599,classification_neutral,196.55504754520416,196.55504754520416,-0.012670402395193668,-0.09610311708484398,neutral,0.10877351948003765,0.647703117084844
ETH-17MAY26-2075-P,put,2026-05-17,2075.0,3.049874001041667,2267.11,2267.11,-0.08473783804050095,0.08473783804050095,1.8136880000000002,1.360266,1.8136880000000002,,1.8136880000000002,55.16,0.5516,-0.03746,0.00071,0.16929,-1.53096,0.0,0.0,0.2857142857142858,market_price_below_minimum,,,,,,,
ETH-17MAY26-2475-C,call,2026-05-17,2475.0,3.049874001041667,2267.11,2267.11,0.09169824137337845,0.09169824137337845,1.360266,1.133555,1.8136880000000002,3.400665,1.360266,52.04,0.5204,0.03433,0.00071,0.1576,-1.34455,150.0,150.0,0.46153846153846156,market_price_below_minimum,,,,,,,
ETH-17MAY26-2475-P,put,2026-05-17,2475.0,3.049874001041667,2267.11,2267.11,0.09169824137337845,0.09169824137337845,209.027542,112.221945,313.99473500000005,,209.027542,52.04,0.5204,-0.96567,0.00071,0.1576,-1.34455,0.0,0.0,0.946808510638298,spread_too_wide,,,,,,,
ETH-17MAY26-2050-C,call,2026-05-17,2050.0,3.049874001041667,2267.11,2267.11,-0.09576509300386837,0.09576509300386837,218.776115,214.241895,227.844555,,218.776115,58.58,0.5858,0.9717,0.00053,0.13435,-1.29025,0.0,0.0,0.061538461538461604,classification_neutral,220.09483306930952,220.09483306930952,-0.005991590310955811,-0.06190311708484397,neutral,0.06789470739579978,0.647703117084844
ETH-17MAY26-2050-P,put,2026-05-17,2050.0,3.049874001041667,2267.11,2267.11,-0.09576509300386837,0.09576509300386837,1.360266,0.9068440000000001,1.586977,1.8136880000000002,1.360266,58.58,0.5858,-0.02837,0.00054,0.13463,-1.29292,500.0,501.0,0.5454545454545454,market_price_below_minimum,,,,,,,
ETH-17MAY26-2500-C,call,2026-05-17,2500.0,3.049874001041667,2267.11,2267.11,0.10272549633674588,0.10272549633674588,0.9068440000000001,0.680133,1.133555,0.9068440000000001,0.9068440000000001,53.31,0.5331,0.02365,0.0005,0.1156,-0.97545,11.0,11.0,0.5000000000000001,market_price_below_minimum,,,,,,,
ETH-17MAY26-2500-P,put,2026-05-17,2500.0,3.049874001041667,2267.11,2267.11,0.10272549633674588,0.10272549633674588,233.51233,137.160155,340.0665,,233.51233,53.31,0.5331,-0.97635,0.0005,0.1156,-1.01027,0.0,0.0,0.850356294536817,spread_too_wide,,,,,,,
ETH-17MAY26-2000-C,call,2026-05-17,2000.0,3.049874001041667,2267.11,2267.11,-0.11781960293060334,0.11781960293060334,268.199113,262.98476000000005,277.720975,,268.199113,66.33,0.6633,0.98199,0.00032,0.09177,-0.99777,0.0,0.0,0.0545073375262053,classification_neutral,268.54317930544835,268.54317930544835,-0.001281232710278544,0.01559688291515604,neutral,0.016878115625434585,0.647703117084844
ETH-17MAY26-2000-P,put,2026-05-17,2000.0,3.049874001041667,2267.11,2267.11,-0.11781960293060334,0.11781960293060334,0.9068440000000001,0.680133,1.133555,1.133555,0.9068440000000001,66.33,0.6633,-0.01801,0.00032,0.09177,-0.90634,1965.0,1965.0,0.5000000000000001,market_price_below_minimum,,,,,,,
ETH-17MAY26-2550-C,call,2026-05-17,2550.0,3.049874001041667,2267.11,2267.11,0.12478000626348074,0.12478000626348074,0.45342200000000005,0.22671100000000002,0.9068440000000001,,0.45342200000000005,57.45,0.5745,0.01341,0.00029,0.07124,-0.55587,0.0,0.0,1.2000000000000002,market_price_below_minimum,,,,,,,
ETH-17MAY26-2550-P,put,2026-05-17,2550.0,3.049874001041667,2267.11,2267.11,0.12478000626348074,0.12478000626348074,283.162039,184.76946500000003,392.21003,,283.162039,57.45,0.5745,-0.98659,0.00029,0.07124,-0.6709,0.0,0.0,0.7190569744597248,spread_too_wide,,,,,,,
ETH-17MAY26-2600-C,call,2026-05-17,2600.0,3.049874001041667,2267.11,2267.11,0.1468345161902156,0.1468345161902156,0.45342200000000005,,0.680133,0.680133,0.45342200000000005,63.32,0.6332,0.00966,0.0002,0.05361,-0.42527,132.0,132.0,,market_price_below_minimum,,,,,,,
ETH-17MAY26-2600-P,put,2026-05-17,2600.0,3.049874001041667,2267.11,2267.11,0.1468345161902156,0.1468345161902156,333.03845900000005,231.24522,444.35356,,333.03845900000005,63.32,0.6332,-0.99034,0.0002,0.05361,-0.55649,0.0,0.0,0.6308724832214766,spread_too_wide,,,,,,,
ETH-17MAY26-1900-C,call,2026-05-17,1900.0,3.049874001041667,2267.11,2267.11,-0.16192862278407316,0.16192862278407316,367.951953,363.87115500000004,376.34026000000006,,367.951953,82.96,0.8295999999999999,0.99102,0.00014,0.05026,-0.68351,0.0,0.0,0.03369065849923433,classification_neutral,367.793675883599,367.793675883599,0.00043034213685361943,0.18189688291515593,neutral,0.18232722505200954,0.647703117084844
ETH-17MAY26-1900-P,put,2026-05-17,1900.0,3.049874001041667,2267.11,2267.11,-0.16192862278407316,0.16192862278407316,0.45342200000000005,0.45342200000000005,0.680133,0.680133,0.45342200000000005,82.96,0.8295999999999999,-0.00898,0.00014,0.05026,-0.52492,80.0,80.0,0.39999999999999986,market_price_below_minimum,,,,,,,
ETH-22MAY26-2100-C,call,2026-05-22,2100.0,8.049874001041667,2267.11,2267.11,-0.07371058307713352,0.07371058307713352,181.142089,177.96813500000002,190.43724000000003,,181.142089,50.48,0.5047999999999999,0.85668,0.00133,0.76175,-2.38818,0.0,0.0,0.06769230769230776,classification_neutral,193.93249028147852,193.93249028147852,-0.06595285433046423,-0.14290311708484404,neutral,0.20885597141530826,0.647703117084844
ETH-22MAY26-2450-P,put,2026-05-22,2450.0,8.049874001041667,2267.11,2267.11,0.08067098641001103,0.08067098641001103,193.611194,181.36880000000002,286.789415,145.09504,193.611194,47.98,0.47979999999999995,-0.85227,0.00143,0.77744,-2.31692,95.0,0.0,0.4503631961259079,spread_too_wide,,,,,,,
ETH-22MAY26-2500-P,put,2026-05-22,2500.0,8.049874001041667,2267.11,2267.11,0.10272549633674588,0.10272549633674588,239.180105,225.577445,349.13494000000003,265.25187000000005,239.180105,49.4,0.494,-0.9014,0.00104,0.58511,-1.7952,18.0,0.0,0.4299802761341223,spread_too_wide,,,,,,,
ETH-22MAY26-2000-C,call,2026-05-22,2000.0,8.049874001041667,2267.11,2267.11,-0.11781960293060334,0.11781960293060334,273.413466,270.919645,283.38875,330.99806,273.413466,56.7,0.5670000000000001,0.93781,0.00064,0.41265,-1.4533,5.0,0.0,0.04498977505112479,classification_neutral,277.94365979645227,277.94365979645227,-0.016298964328849433,-0.0807031170848439,neutral,0.09700208141369333,0.647703117084844
ETH-22MAY26-2000-P,put,2026-05-22,2000.0,8.049874001041667,2267.11,2267.11,-0.11781960293060334,0.11781960293060334,5.214353,4.760931,5.667775000000001,6.121197,5.214353,56.7,0.5670000000000001,-0.06219,0.00064,0.41265,-1.4533,2033.0,21.0,0.17391304347826092,classification_neutral,9.070081860196183,9.070081860196183,-0.42510408611822437,-0.0807031170848439,neutral,0.5058072032030683,0.647703117084844
ETH-22MAY26-2600-C,call,2026-05-22,2600.0,8.049874001041667,2267.11,2267.11,0.1468345161902156,0.1468345161902156,3.400665,3.173954,3.854087,2.947243,3.400665,53.42,0.5342,0.04636,0.00054,0.32705,-1.08508,6661.0,483.0,0.1935483870967741,market_price_below_minimum,,,,,,,
ETH-22MAY26-2600-P,put,2026-05-22,2600.0,8.049874001041667,2267.11,2267.11,0.1468345161902156,0.1468345161902156,334.852147,320.796065,368.40537500000005,249.3821,334.852147,53.42,0.5342,-0.95361,0.00054,0.32719,-1.08555,1.0,0.0,0.13815789473684223,classification_neutral,338.8679988022682,338.8679988022682,-0.011850785014997686,-0.11350311708484395,neutral,0.12535390209984165,0.647703117084844
ETH-22MAY26-2700-C,call,2026-05-22,2700.0,8.049874001041667,2267.11,2267.11,0.19094353604368552,0.19094353604368552,1.8136880000000002,1.586977,2.040399,2.26711,1.8136880000000002,58.39,0.5839,0.02465,0.00029,0.19456,-0.70561,2563.0,122.0,0.2499999999999999,market_price_below_minimum,,,,,,,
ETH-22MAY26-2700-P,put,2026-05-22,2700.0,8.049874001041667,2267.11,2267.11,0.19094353604368552,0.19094353604368552,433.244721,418.28179500000005,464.75755,337.79939,433.244721,58.39,0.5839,-0.97535,0.00029,0.19456,-0.70561,1.0,0.0,0.1052631578947367,classification_neutral,433.8382403973046,433.8382403973046,-0.0013680661178255076,-0.06380311708484399,neutral,0.0651711832026695,0.647703117084844
ETH-22MAY26-1800-C,call,2026-05-22,1800.0,8.049874001041667,2267.11,2267.11,-0.20603764263754298,0.20603764263754298,469.51848100000007,467.02466,478.36021,486.295095,469.51848100000007,75.39,0.7539,0.98306,0.00017,0.14162,-0.66311,1.0,0.0,0.023980815347721847,classification_neutral,469.2128475941754,469.2128475941754,0.0006513747596464125,0.10619688291515605,neutral,0.10684825767480247,0.647703117084844
ETH-22MAY26-1800-P,put,2026-05-22,1800.0,8.049874001041667,2267.11,2267.11,-0.20603764263754298,0.20603764263754298,1.586977,1.360266,1.8136880000000002,1.133555,1.586977,75.39,0.7539,-0.01694,0.00017,0.14162,-0.66311,5997.0,53.0,0.2857142857142858,market_price_below_minimum,,,,,,,
ETH-22MAY26-2800-C,call,2026-05-22,2800.0,8.049874001041667,2267.11,2267.11,0.23505255589715524,0.23505255589715524,0.9068440000000001,0.680133,1.360266,1.133555,0.9068440000000001,62.6,0.626,0.01325,0.00016,0.11465,-0.44579,673.0,1.0,0.6666666666666667,market_price_below_minimum,,,,,,,
ETH-22MAY26-2800-P,put,2026-05-22,2800.0,8.049874001041667,2267.11,2267.11,0.23505255589715524,0.23505255589715524,532.544139,502.164865,651.794125,,532.544139,62.6,0.626,-0.98675,0.00016,0.11465,-0.44579,0.0,0.0,0.25933202357563845,classification_neutral,531.6530297762092,531.6530297762092,0.0016761104966632988,-0.02170311708484396,neutral,0.023379227581507258,0.647703117084844
ETH-22MAY26-3000-C,call,2026-05-22,3000.0,8.049874001041667,2267.11,2267.11,0.3232705956040951,0.3232705956040951,0.45342200000000005,0.22671100000000002,0.9068440000000001,0.45342200000000005,0.45342200000000005,73.4,0.7340000000000001,0.00603,7e-05,0.05754,-0.26235,210.0,30.0,1.2000000000000002,market_price_below_minimum,,,,,,,
ETH-22MAY26-3000-P,put,2026-05-22,3000.0,8.049874001041667,2267.11,2267.11,0.3232705956040951,0.3232705956040951,731.8231079999999,614.3868100000001,859.23469,,731.8231079999999,73.4,0.7340000000000001,-0.99397,7e-05,0.05754,-0.26235,0.0,0.0,0.33230769230769214,classification_neutral,730.3789796396827,730.3789796396827,0.0019772315476954895,0.08629688291515614,neutral,0.08827411446285163,0.647703117084844
ETH-29MAY26-2100-C,call,2026-05-29,2100.0,15.049874001041667,2267.11,2267.11,-0.07371058307713352,0.07371058307713352,199.05225800000002,196.105015,204.03990000000002,299.25852000000003,199.05225800000002,51.41,0.5141,0.78606,0.00123,1.34227,-2.29265,7939.0,0.0,0.03966005665722384,classification_neutral,219.29562271785153,219.29562271785153,-0.09231084718866855,-0.13360311708484396,neutral,0.2259139642735125,0.647703117084844
ETH-29MAY26-2450-P,put,2026-05-29,2450.0,15.049874001041667,2267.11,2267.11,0.08067098641001103,0.08067098641001103,209.70767500000002,202.90634500000002,213.10834,234.645885,209.70767500000002,48.3,0.483,-0.76866,0.00137,1.40347,-2.25186,2110.0,1.0,0.04904632152588548,classification_neutral,232.9812043815091,232.9812043815091,-0.09989445046991183,-0.16470311708484398,neutral,0.26459756755475583,0.647703117084844
ETH-29MAY26-2050-C,call,2026-05-29,2050.0,15.049874001041667,2267.11,2267.11,-0.09576509300386837,0.09576509300386837,239.86023800000004,238.04655,247.11499,223.310335,239.86023800000004,52.75,0.5275,0.84141,0.001,1.11444,-1.95321,5861.0,50.0,0.0373831775700935,classification_neutral,255.84285754701295,255.84285754701295,-0.06247045432595669,-0.12020311708484399,neutral,0.18267357141080068,0.647703117084844
ETH-29MAY26-2500-P,put,2026-05-29,2500.0,15.049874001041667,2267.11,2267.11,0.10272549633674588,0.10272549633674588,251.195788,242.58077,257.31698500000005,209.70767500000002,251.195788,48.64,0.4864,-0.82459,0.00115,1.18935,-1.92209,762.0,0.0,0.05895691609977341,classification_neutral,271.1217860759664,271.1217860759664,-0.07349464004483679,-0.16130311708484396,neutral,0.23479775712968076,0.647703117084844
ETH-29MAY26-2000-C,call,2026-05-29,2000.0,15.049874001041667,2267.11,2267.11,-0.11781960293060334,0.11781960293060334,283.615461,281.12164,291.323635,275.453865,283.615461,54.53,0.5453,0.88381,0.00078,0.90082,-1.63201,6807.0,50.0,0.03564356435643568,classification_neutral,295.2498528610597,295.2498528610597,-0.03940524185979764,-0.10240311708484395,neutral,0.1418083589446416,0.647703117084844
ETH-29MAY26-2550-P,put,2026-05-29,2550.0,15.049874001041667,2267.11,2267.11,0.12478000626348074,0.12478000626348074,295.40443300000004,283.38875,365.00471000000005,257.31698500000005,295.40443300000004,49.39,0.4939,-0.86754,0.00094,0.98732,-1.62003,144.0,0.0,0.25174825174825183,classification_neutral,311.4670616747683,311.4670616747683,-0.05157087426323339,-0.15380311708484395,neutral,0.20537399134807735,0.647703117084844
ETH-29MAY26-1950-C,call,2026-05-29,1950.0,15.049874001041667,2267.11,2267.11,-0.1398741128573382,0.1398741128573382,329.184372,326.46384,336.665835,435.28512,329.184372,56.71,0.5671,0.91505,0.0006,0.71657,-1.35008,304.0,0.0,0.030769230769230802,classification_neutral,337.1779015307495,337.1779015307495,-0.02370715724387573,-0.08060311708484391,neutral,0.10431027432871964,0.647703117084844
ETH-29MAY26-1950-P,put,2026-05-29,1950.0,15.049874001041667,2267.11,2267.11,-0.1398741128573382,0.1398741128573382,10.655417000000002,10.201995,11.108839,11.108839,10.655417000000002,56.71,0.5671,-0.08495,0.0006,0.71657,-1.35008,5703.0,172.0,0.08510638297872336,classification_neutral,16.854414805288542,16.854414805288542,-0.3677966797959329,-0.08060311708484391,neutral,0.4483997968807768,0.647703117084844
ETH-29MAY26-2600-P,put,2026-05-29,2600.0,15.049874001041667,2267.11,2267.11,0.1468345161902156,0.1468345161902156,341.200055,327.597395,365.00471000000005,325.330285,341.200055,50.1,0.501,-0.90123,0.00075,0.80122,-1.33349,78.0,0.0,0.10801963993453366,classification_neutral,353.7089881704469,353.7089881704469,-0.03536504185304734,-0.14670311708484396,neutral,0.1820681589378913,0.647703117084844
ETH-29MAY26-1900-C,call,2026-05-29,1900.0,15.049874001041667,2267.11,2267.11,-0.16192862278407316,0.16192862278407316,376.113549,374.07315000000006,386.54225500000007,378.60737000000006,376.113549,59.16,0.5916,0.93785,0.00045,0.56415,-1.10877,186.0,0.0,0.03278688524590167,classification_neutral,381.2423498235896,381.2423498235896,-0.013452862269794705,-0.056103117084843945,neutral,0.06955597935463866,0.647703117084844
ETH-29MAY26-1900-P,put,2026-05-29,1900.0,15.049874001041667,2267.11,2267.11,-0.16192862278407316,0.16192862278407316,7.708174,7.254752000000001,7.934885,8.388307000000001,7.708174,59.16,0.5916,-0.06218,0.00045,0.56433,-1.10911,8737.0,42.0,0.0895522388059701,classification_neutral,11.001260193653309,11.001260193653309,-0.29933717916726577,-0.056103117084843945,neutral,0.3554402962521097,0.647703117084844
ETH-29MAY26-2650-P,put,2026-05-29,2650.0,15.049874001041667,2267.11,2267.11,0.16888902611695067,0.16888902611695067,388.355943,374.07315000000006,434.151565,302.65918500000004,388.355943,51.0,0.51,-0.92618,0.0006,0.6443,-1.09178,11.0,0.0,0.1486676016830293,classification_neutral,397.5517610643053,397.5517610643053,-0.02313112144110923,-0.13770311708484395,neutral,0.1608342385259532,0.647703117084844
ETH-29MAY26-1850-C,call,2026-05-29,1850.0,15.049874001041667,2267.11,2267.11,-0.18398313271080813,0.18398313271080813,424.176281,420.54890500000005,433.01801,523.7024100000001,424.176281,61.94,0.6194,0.95406,0.00034,0.44401,-0.91364,50.0,0.0,0.02921646746347931,classification_neutral,427.04197433533227,427.04197433533227,-0.0067105659573454095,-0.02830311708484401,neutral,0.03501368304218942,0.647703117084844
ETH-29MAY26-1850-P,put,2026-05-29,1850.0,15.049874001041667,2267.11,2267.11,-0.18398313271080813,0.18398313271080813,5.667775000000001,5.214353,5.894486,5.214353,5.667775000000001,61.94,0.6194,-0.04596,0.00034,0.44416,-0.91394,3115.0,10.0,0.12244897959183668,classification_neutral,6.883281800920358,6.883281800920358,-0.176588266480363,-0.02830311708484401,neutral,0.204891383565207,0.647703117084844
ETH-29MAY26-2700-P,put,2026-05-29,2700.0,15.049874001041667,2267.11,2267.11,0.19094353604368552,0.19094353604368552,436.418675,421.68246000000005,447.754225,350.26849500000003,436.418675,52.15,0.5215,-0.94412,0.00047,0.51894,-0.89908,41.0,0.0,0.059973924380703966,classification_neutral,442.7217079712668,442.7217079712668,-0.014237009068631193,-0.126203117084844,neutral,0.14044012615347518,0.647703117084844
ETH-29MAY26-1800-C,call,2026-05-29,1800.0,15.049874001041667,2267.11,2267.11,-0.20603764263754298,0.20603764263754298,472.692435,470.425325,480.62732,569.04461,472.692435,65.21,0.6520999999999999,0.96517,0.00026,0.35455,-0.76812,71.0,0.0,0.021454112038140665,classification_neutral,474.1879423830376,474.1879423830376,-0.0031538283650189404,0.004396882915155942,neutral,0.007550711280174882,0.647703117084844
ETH-29MAY26-1800-P,put,2026-05-29,1800.0,15.049874001041667,2267.11,2267.11,-0.20603764263754298,0.20603764263754298,4.3075090000000005,3.854087,4.760931,4.53422,4.3075090000000005,65.21,0.6520999999999999,-0.03483,0.00026,0.35455,-0.76812,15232.0,58.0,0.2105263157894738,market_price_below_minimum,,,,,,,
ETH-29MAY26-1750-C,call,2026-05-29,1750.0,15.049874001041667,2267.11,2267.11,-0.22809215256427795,0.22809215256427795,521.662011,518.0346350000001,530.5037400000001,620.0545850000001,521.662011,68.34,0.6834,0.97383,0.00019,0.27973,-0.63506,96.0,0.0,0.023783783783783808,classification_neutral,522.3283385178809,522.3283385178809,-0.0012756870894111915,0.03569688291515605,neutral,0.03697257000456724,0.647703117084844
ETH-29MAY26-1750-P,put,2026-05-29,1750.0,15.049874001041667,2267.11,2267.11,-0.22809215256427795,0.22809215256427795,3.173954,2.947243,3.6273760000000004,3.6273760000000004,3.173954,68.34,0.6834,-0.02617,0.00019,0.27973,-0.63506,4401.0,0.0,0.2068965517241381,market_price_below_minimum,,,,,,,
ETH-29MAY26-2800-C,call,2026-05-29,2800.0,15.049874001041667,2267.11,2267.11,0.23505255589715524,0.23505255589715524,3.173954,2.720532,3.6273760000000004,2.947243,3.173954,54.54,0.5454,0.03259,0.00029,0.3357,-0.60827,23170.0,66.0,0.2857142857142858,market_price_below_minimum,,,,,,,
ETH-29MAY26-2800-P,put,2026-05-29,2800.0,15.049874001041667,2267.11,2267.11,0.23505255589715524,0.23505255589715524,533.904405,518.0346350000001,581.513715,439.81934,533.904405,54.54,0.5454,-0.96743,0.00029,0.33552,-0.60794,9.0,0.0,0.1154639175257731,classification_neutral,536.0934037478319,536.0934037478319,-0.004083241339155775,-0.10230311708484396,neutral,0.10638635842399974,0.647703117084844
ETH-29MAY26-1700-C,call,2026-05-29,1700.0,15.049874001041667,2267.11,2267.11,-0.2501466624910128,0.2501466624910128,570.8582980000001,566.7775,578.11305,650.66057,570.8582980000001,71.65,0.7165,0.98014,0.00015,0.22179,-0.52797,77.0,0.0,0.019801980198019823,classification_neutral,571.1651955212878,571.1651955212878,-0.0005373183164769697,0.06879688291515607,neutral,0.06933420123163303,0.647703117084844
ETH-29MAY26-1700-P,put,2026-05-29,1700.0,15.049874001041667,2267.11,2267.11,-0.2501466624910128,0.2501466624910128,2.4938210000000005,2.040399,2.947243,2.947243,2.4938210000000005,71.65,0.7165,-0.01986,0.00015,0.22179,-0.52797,17756.0,42.0,0.3636363636363637,market_price_below_minimum,,,,,,,
ETH-29MAY26-2900-C,call,2026-05-29,2900.0,15.049874001041667,2267.11,2267.11,0.27916157575062517,0.27916157575062517,1.8136880000000002,1.586977,2.26711,1.8136880000000002,1.8136880000000002,57.52,0.5752,0.02052,0.00019,0.22798,-0.43569,7208.0,133.0,0.35294117647058826,market_price_below_minimum,,,,,,,
ETH-29MAY26-2900-P,put,2026-05-29,2900.0,15.049874001041667,2267.11,2267.11,0.27916157575062517,0.27916157575062517,632.7504010000001,616.6539200000001,669.931005,531.637295,632.7504010000001,57.52,0.5752,-0.97947,0.00019,0.22811,-0.43593,5.0,0.0,0.0828193832599118,classification_neutral,632.2400695556244,632.2400695556244,0.0008071798497910081,-0.07250311708484392,neutral,0.07331029693463492,0.647703117084844
ETH-29MAY26-1600-C,call,2026-05-29,1600.0,15.049874001041667,2267.11,2267.11,-0.2942556823444826,0.2942556823444826,669.704294,667.663895,673.33167,699.4034350000001,669.704294,78.24,0.7824,0.98863,8e-05,0.13727,-0.35678,2608.0,0.0,0.008453085376162307,classification_neutral,670.0461010609831,670.0461010609831,-0.0005101246920799644,0.13469688291515602,neutral,0.135207007607236,0.647703117084844
ETH-29MAY26-1600-P,put,2026-05-29,1600.0,15.049874001041667,2267.11,2267.11,-0.2942556823444826,0.2942556823444826,1.586977,1.133555,1.8136880000000002,1.586977,1.586977,78.24,0.7824,-0.01137,8e-05,0.13727,-0.35678,9161.0,32.0,0.46153846153846156,market_price_below_minimum,,,,,,,
ETH-29MAY26-3000-C,call,2026-05-29,3000.0,15.049874001041667,2267.11,2267.11,0.3232705956040951,0.3232705956040951,1.133555,0.9068440000000001,1.586977,1.133555,1.133555,60.02,0.6002000000000001,0.01283,0.00012,0.15253,-0.30413,27311.0,211.0,0.5454545454545454,market_price_below_minimum,,,,,,,
ETH-29MAY26-3000-P,put,2026-05-29,3000.0,15.049874001041667,2267.11,2267.11,0.3232705956040951,0.3232705956040951,731.8231079999999,616.6539200000001,860.368245,622.3216950000001,731.8231079999999,60.02,0.6002000000000001,-0.98717,0.00012,0.15253,-0.30413,6.0,0.0,0.3300076745970835,classification_neutral,730.0562106316415,730.0562106316415,0.00242022099480489,-0.04750311708484389,neutral,0.049923338079648785,0.647703117084844
ETH-29MAY26-1500-C,call,2026-05-29,1500.0,15.049874001041667,2267.11,2267.11,-0.33836470219795245,0.33836470219795245,769.230423,767.4167350000001,781.019395,838.8307000000001,769.230423,86.39,0.8639,0.99279,5e-05,0.09216,-0.26451,28.0,0.0,0.017569546120058437,classification_neutral,769.6351965884053,769.6351965884053,-0.0005259291547470316,0.21619688291515604,neutral,0.21672281206990307,0.647703117084844
ETH-29MAY26-1500-P,put,2026-05-29,1500.0,15.049874001041667,2267.11,2267.11,-0.33836470219795245,0.33836470219795245,0.9068440000000001,0.680133,1.360266,0.680133,0.9068440000000001,86.39,0.8639,-0.00721,5e-05,0.09216,-0.26451,3861.0,200.0,0.6666666666666667,market_price_below_minimum,,,,,,,
ETH-26JUN26-2500-P,put,2026-06-26,2500.0,43.049874001041665,2267.11,2267.11,0.10272549633674588,0.10272549633674588,305.833139,301.52563000000004,308.32696000000004,273.186755,305.833139,51.74,0.5174,-0.67308,0.00089,2.81553,-1.69196,5161.0,6.0,0.022304832713754667,classification_neutral,339.1992493907851,339.1992493907851,-0.098367288402648,-0.130303117084844,neutral,0.22867040548749198,0.647703117084844
ETH-26JUN26-2000-C,call,2026-06-26,2000.0,43.049874001041665,2267.11,2267.11,-0.11781960293060334,0.11781960293060334,332.35832600000003,329.864505,337.79939,382.00803500000006,332.35832600000003,55.42,0.5542,0.77814,0.00069,2.32186,-1.49456,55738.0,0.0,0.02376910016977931,classification_neutral,357.95161505349483,357.95161505349483,-0.07149929760666104,-0.09350311708484393,neutral,0.16500241469150498,0.647703117084844
ETH-26JUN26-2000-P,put,2026-06-26,2000.0,43.049874001041665,2267.11,2267.11,-0.11781960293060334,0.11781960293060334,60.53183700000001,58.94486,61.21197,63.47908,60.53183700000001,55.42,0.5542,-0.22186,0.00069,2.32186,-1.49456,20524.0,281.0,0.037735849056603814,classification_neutral,81.42824885446305,81.42824885446305,-0.25662361831962344,-0.09350311708484393,neutral,0.35012673540446737,0.647703117084844
ETH-26JUN26-2600-P,put,2026-06-26,2600.0,43.049874001041665,2267.11,2267.11,0.1468345161902156,0.1468345161902156,382.461457,370.67248500000005,391.076475,380.87448000000006,382.461457,51.76,0.5176,-0.74819,0.00079,2.48944,-1.49664,18754.0,1.0,0.05357142857142847,classification_neutral,412.0111953515516,412.0111953515516,-0.07172071702162862,-0.130103117084844,neutral,0.20182383410647264,0.647703117084844
ETH-26JUN26-1900-C,call,2026-06-26,1900.0,43.049874001041665,2267.11,2267.11,-0.16192862278407316,0.16192862278407316,411.933887,409.21335500000004,418.28179500000005,436.418675,411.933887,57.44,0.5744,0.84277,0.00054,1.87719,-1.25226,555.0,0.0,0.021917808219178103,classification_neutral,429.73710272217704,429.73710272217704,-0.041428155980487234,-0.07330311708484394,neutral,0.11473127306533118,0.647703117084844
ETH-26JUN26-1900-P,put,2026-06-26,1900.0,43.049874001041665,2267.11,2267.11,-0.16192862278407316,0.16192862278407316,40.354558000000004,39.67442500000001,40.80798,41.941535,40.354558000000004,57.44,0.5744,-0.15725,0.00054,1.87733,-1.25235,5476.0,93.0,0.028169014084506897,classification_neutral,53.684404833096664,53.684404833096664,-0.24830016975206834,-0.07330311708484394,neutral,0.3216032868369123,0.647703117084844
ETH-26JUN26-2700-P,put,2026-06-26,2700.0,43.049874001041665,2267.11,2267.11,0.19094353604368552,0.19094353604368552,465.891105,453.422,473.82599,397.877805,465.891105,52.01,0.5201,-0.80953,0.00067,2.12094,-1.28116,343.0,0.0,0.04400977995110016,classification_neutral,490.175307633245,490.175307633245,-0.04954187258125767,-0.12760311708484395,neutral,0.17714498966610162,0.647703117084844
ETH-26JUN26-1800-C,call,2026-06-26,1800.0,43.049874001041665,2267.11,2267.11,-0.20603764263754298,0.20603764263754298,498.08406700000006,495.363535,504.431975,453.422,498.08406700000006,60.13,0.6013000000000001,0.89098,0.0004,1.45808,-1.01828,743.0,0.0,0.018140589569161016,classification_neutral,508.82493521755646,508.82493521755646,-0.021109162452826652,-0.0464031170848439,neutral,0.06751227953767056,0.647703117084844
ETH-26JUN26-1800-P,put,2026-06-26,1800.0,43.049874001041665,2267.11,2267.11,-0.20603764263754298,0.20603764263754298,26.978609000000002,26.071765000000003,27.20532,29.47243,26.978609000000002,60.13,0.6013000000000001,-0.10904,0.0004,1.45821,-1.01837,5716.0,104.0,0.04255319148936161,classification_neutral,33.24290563842749,33.24290563842749,-0.188440105283282,-0.0464031170848439,neutral,0.2348432223681259,0.647703117084844
ETH-26JUN26-2800-P,put,2026-06-26,2800.0,43.049874001041665,2267.11,2267.11,0.23505255589715524,0.23505255589715524,554.081684,541.83929,562.24328,486.295095,554.081684,52.53,0.5253,-0.85708,0.00055,1.76148,-1.0746,6024.0,0.0,0.03696098562628341,classification_neutral,572.8501759202913,572.8501759202913,-0.03276335193602677,-0.12240311708484397,neutral,0.15516646902087075,0.647703117084844
ETH-26JUN26-1700-C,call,2026-06-26,1700.0,43.049874001041665,2267.11,2267.11,-0.2501466624910128,0.2501466624910128,588.995178,586.047935,595.1163750000001,596.2499300000001,588.995178,63.4,0.634,0.92529,0.00029,1.1014,-0.81105,273.0,0.0,0.01535508637236086,classification_neutral,594.2241235933532,594.2241235933532,-0.008799618503760875,-0.013703117084843952,neutral,0.022502735588604827,0.647703117084844
ETH-26JUN26-1700-P,put,2026-06-26,1700.0,43.049874001041665,2267.11,2267.11,-0.2501466624910128,0.2501466624910128,18.13688,17.003325,19.270435000000003,20.40399,18.13688,63.4,0.634,-0.07471,0.00029,1.1014,-0.81105,5120.0,1.0,0.1250000000000001,classification_neutral,19.11276232417609,19.11276232417609,-0.05105919843630743,-0.013703117084843952,neutral,0.06476231552115139,0.647703117084844
ETH-26JUN26-2900-P,put,2026-06-26,2900.0,43.049874001041665,2267.11,2267.11,0.27916157575062517,0.27916157575062517,645.899639,631.3901350000001,698.2698800000001,804.82405,645.899639,53.19,0.5318999999999999,-0.89321,0.00044,1.43647,-0.8874,10.0,0.0,0.10059676044330768,classification_neutral,659.2476033332825,659.2476033332825,-0.020247270169497303,-0.11580311708484403,neutral,0.13605038725434132,0.647703117084844
ETH-26JUN26-1600-C,call,2026-06-26,1600.0,43.049874001041665,2267.11,2267.11,-0.2942556823444826,0.2942556823444826,682.8535320000001,680.133,688.067885,711.8725400000001,682.8535320000001,66.93,0.6693000000000001,0.94962,0.0002,0.80977,-0.62947,1764.0,0.0,0.01159900579950291,classification_neutral,684.701296989175,684.701296989175,-0.0026986439156754813,0.021596882915156157,neutral,0.024295526830831637,0.647703117084844
ETH-26JUN26-1600-P,put,2026-06-26,1600.0,43.049874001041665,2267.11,2267.11,-0.2942556823444826,0.2942556823444826,12.015683000000001,11.335550000000001,12.469105,12.469105,12.015683000000001,66.93,0.6693000000000001,-0.05038,0.0002,0.80977,-0.62947,7626.0,212.0,0.09523809523809518,classification_neutral,10.06060402994936,10.06060402994936,0.19433017781343712,0.021596882915156157,neutral,0.21592706072859327,0.647703117084844
ETH-26JUN26-3000-P,put,2026-06-26,3000.0,43.049874001041665,2267.11,2267.11,0.3232705956040951,0.3232705956040951,739.9847040000001,726.6087550000001,749.2798550000001,741.3449700000001,739.9847040000001,53.93,0.5393,-0.92031,0.00035,1.15673,-0.7246,13312.0,0.0,0.0307219662058372,classification_neutral,748.6604672843455,748.6604672843455,-0.011588381734400173,-0.10840311708484396,neutral,0.11999149881924413,0.647703117084844
ETH-26JUN26-1500-C,call,2026-06-26,1500.0,43.049874001041665,2267.11,2267.11,-0.33836470219795245,0.33836470219795245,778.7522850000001,776.4851750000001,785.553615,847.8991400000001,778.7522850000001,71.13,0.7112999999999999,0.9658,0.00014,0.59161,-0.48875,162.0,0.0,0.011611030478954874,classification_neutral,778.9353927685011,778.9353927685011,-0.00023507439795502678,0.06359688291515597,neutral,0.063831957313111,0.647703117084844
ETH-26JUN26-1500-P,put,2026-06-26,1500.0,43.049874001041665,2267.11,2267.11,-0.33836470219795245,0.33836470219795245,8.161596,7.708174,8.615018000000001,9.295151,8.161596,71.13,0.7112999999999999,-0.0342,0.00014,0.59165,-0.48878,11950.0,73.0,0.11111111111111129,classification_neutral,4.765368119226899,4.765368119226899,0.7126895122897833,0.06359688291515597,neutral,0.7762863952049393,0.647703117084844
