timestamp,actions
2026-05-12T23:22:34.479205+00:00,0
2026-05-12T23:38:04.104066+00:00,0
2026-05-12T23:53:36.583958+00:00,0
2026-05-13T00:09:06.180264+00:00,0
2026-05-13T00:24:35.604441+00:00,0
2026-05-13T00:40:05.605022+00:00,0
2026-05-13T00:55:35.693142+00:00,0
2026-05-13T01:11:05.636613+00:00,0
2026-05-13T01:26:35.236932+00:00,0
2026-05-13T01:42:05.378604+00:00,0
2026-05-13T01:57:35.560697+00:00,0
2026-05-13T02:13:05.393846+00:00,0
2026-05-13T02:28:35.724005+00:00,0
2026-05-13T02:44:05.481027+00:00,0
2026-05-13T02:59:37.998152+00:00,0
2026-05-13T03:15:08.467222+00:00,0
2026-05-13T03:30:39.288255+00:00,0
2026-05-13T03:46:10.339114+00:00,0
2026-05-13T04:01:41.574049+00:00,0
2026-05-13T04:17:12.731555+00:00,0
2026-05-13T04:32:43.674924+00:00,0
2026-05-13T04:48:15.752052+00:00,0
2026-05-13T05:03:47.983892+00:00,0
2026-05-13T05:19:20.399299+00:00,0
2026-05-13T05:34:52.260450+00:00,0
2026-05-13T05:50:26.566923+00:00,0
2026-05-13T06:05:58.608685+00:00,0
2026-05-13T06:21:33.740290+00:00,0
2026-05-13T09:16:41.515287+00:00,0
2026-05-13T09:19:04.295509+00:00,0
2026-05-13T09:20:17.279632+00:00,0
2026-05-13T09:52:55.016227+00:00,0
2026-05-13T10:08:09.256756+00:00,0
2026-05-13T10:23:27.141849+00:00,0
2026-05-13T13:21:45.587787+00:00,0
2026-05-13T13:37:18.428131+00:00,0
2026-05-13T13:52:56.520753+00:00,0
2026-05-13T14:08:14.671244+00:00,0
2026-05-13T14:23:51.157113+00:00,0
2026-05-13T15:52:54.290858+00:00,0
2026-05-13T16:21:19.303746+00:00,0
2026-05-13T16:49:28.686053+00:00,0
2026-05-13T17:29:52.983793+00:00,0
2026-05-14T06:48:25.501482+00:00,0
