instrument_name,option_type,expiry,strike,days_to_expiry,underlying_price_usd,market_price_usd,implied_volatility,moneyness,abs_moneyness,term_bucket,same_expiry_iv_zscore,same_expiry_iv_percentile,surface_iv_zscore,surface_iv_percentile,surface_relative_value_score,bid_ask_spread_pct,delta,gamma,vega,theta,open_interest,volume,fitted_iv,surface_residual,surface_residual_zscore
ETH-17MAY26-2325-C,call,2026-05-17,2325.0,3.946986305960648,2320.35,38.053740000000005,0.417,0.0020040080160321,0.0020040080160321,front_week,-0.923484755376448,0.0375,-1.32859159139658,0.0098684210526315,0.7944429115992557,0.0923076923076925,0.49095,0.00396,0.96246,-5.08413,0.0,0.0,0.45878222674209956,-0.04178222674209958,-1.231565434594103
ETH-17MAY26-2325-P,put,2026-05-17,2325.0,3.946986305960648,2320.35,42.462405,0.417,0.0020040080160321,0.0020040080160321,front_week,-0.923484755376448,0.0375,-1.32859159139658,0.0098684210526315,0.815444132600477,0.0555555555555553,-0.50905,0.00396,0.96246,-5.08413,1.0,1.0,0.45878222674209956,-0.04178222674209958,-1.231565434594103
ETH-17MAY26-2300-C,call,2026-05-17,2300.0,3.946986305960648,2320.35,51.279735,0.4182,-0.0087702286293015,0.0087702286293015,front_week,-0.9017407799727049,0.0875,-1.3131071179540206,0.0230263157894736,0.8010725214629488,0.0454545454545454,0.58944,0.00385,0.93842,-4.97061,1.0,1.0,0.4618892806587791,-0.043689280658779084,-1.2877774143956313
ETH-17MAY26-2300-P,put,2026-05-17,2300.0,3.946986305960648,2320.35,30.62862,0.4182,-0.0087702286293015,0.0087702286293015,front_week,-0.9017407799727049,0.0875,-1.3131071179540206,0.0230263157894736,0.7830905034809309,0.0769230769230768,-0.41056,0.00385,0.93842,-4.97061,1.0,1.0,0.4618892806587791,-0.043689280658779084,-1.2877774143956313
ETH-17MAY26-2350-C,call,2026-05-17,2350.0,3.946986305960648,2320.35,27.612165,0.4196999999999999,0.0127782446613657,0.0127782446613657,front_week,-0.8745608107180286,0.1375,-1.2937515261508234,0.0361842105263157,0.7595129306279146,0.0833333333333333,0.3946,0.0038,0.92891,-4.93791,34.0,34.0,0.45613983521534784,-0.03643983521534794,-1.0740940584745948
ETH-17MAY26-2350-P,put,2026-05-17,2350.0,3.946986305960648,2320.35,57.08061,0.4196999999999999,0.0127782446613657,0.0127782446613657,front_week,-0.8745608107180286,0.1375,-1.2937515261508234,0.0361842105263157,0.7838083630866124,0.0408163265306122,-0.6054,0.0038,0.92891,-4.93791,0.0,0.0,0.45613983521534784,-0.03643983521534794,-1.0740940584745948
ETH-17MAY26-2275-C,call,2026-05-17,2275.0,3.946986305960648,2320.35,67.29015,0.4244,-0.0195444652746352,0.0195444652746352,front_week,-0.7893969070533687,0.2875,-1.2331040051674662,0.0756578947368421,0.5482247740423618,1.6712328767123288,0.68118,0.00349,0.86163,-4.63251,0.0,0.0,0.4654609969653864,-0.0410609969653864,-1.2103065948275524
ETH-17MAY26-2275-P,put,2026-05-17,2275.0,3.946986305960648,2320.35,21.81129,0.4244,-0.0195444652746352,0.0195444652746352,front_week,-0.7893969070533687,0.2875,-1.2331040051674662,0.0756578947368421,0.6880743981025121,0.1052631578947369,-0.31882,0.00349,0.86163,-4.63251,0.0,0.0,0.4654609969653864,-0.0410609969653864,-1.2103065948275524
ETH-17MAY26-2375-C,call,2026-05-17,2375.0,3.946986305960648,2320.35,19.49094,0.4219,0.0235524813066994,0.0235524813066994,front_week,-0.8346968558111657,0.1875,-1.265363324839464,0.0493421052631578,0.7178845567189797,0.1176470588235293,0.3061,0.00345,0.84663,-4.5242,38.0,38.0,0.45396210607852383,-0.03206210607852383,-0.9450568982436003
ETH-17MAY26-2375-P,put,2026-05-17,2375.0,3.946986305960648,2320.35,74.01916499999999,0.4219,0.0235524813066994,0.0235524813066994,front_week,-0.8346968558111657,0.1875,-1.265363324839464,0.0493421052631578,0.5851114474752821,1.689727463312369,-0.6939,0.00345,0.84663,-4.5242,0.0,0.0,0.45396210607852383,-0.03206210607852383,-0.9450568982436003
ETH-17MAY26-2250-C,call,2026-05-17,2250.0,3.946986305960648,2320.35,85.38888,0.4318,-0.0303187019199688,0.0303187019199688,front_week,-0.6553090587302894,0.3375,-1.1376164189383526,0.0888157894736842,0.5206126278608689,1.4545454545454546,0.76112,0.00298,0.74827,-4.0928,0.0,0.0,0.4694973756619213,-0.03769737566192127,-1.1111610955227482
ETH-17MAY26-2250-P,put,2026-05-17,2250.0,3.946986305960648,2320.35,15.082275,0.4318,-0.0303187019199688,0.0303187019199688,front_week,-0.6553090587302894,0.3375,-1.1376164189383526,0.0888157894736842,0.6748983421465833,0.0799999999999999,-0.23888,0.00298,0.74827,-4.0928,5.0,5.0,0.4694973756619213,-0.03769737566192127,-1.1111610955227482
ETH-17MAY26-2400-C,call,2026-05-17,2400.0,3.946986305960648,2320.35,13.45803,0.4243,0.0343267179520332,0.0343267179520332,front_week,-0.7912089050036804,0.2375,-1.234394377954346,0.0625,0.7131864135786665,0.0869565217391306,0.22935,0.00296,0.7316,-3.93211,17.0,17.0,0.45224903933162747,-0.027949039331627457,-0.8238208792319087
ETH-17MAY26-2400-P,put,2026-05-17,2400.0,3.946986305960648,2320.35,92.814,0.4243,0.0343267179520332,0.0343267179520332,front_week,-0.7912089050036804,0.2375,-1.234394377954346,0.0625,0.5628758545724555,1.6483516483516485,-0.77065,0.00296,0.7316,-3.93211,0.0,0.0,0.45224903933162747,-0.027949039331627457,-0.8238208792319087
ETH-17MAY26-2225-C,call,2026-05-17,2225.0,3.946986305960648,2320.35,105.80796,0.4439,-0.0410929385653026,0.0410929385653026,front_week,-0.4360573067425523,0.4875,-0.9814813117258832,0.1282894736842105,0.4529465215974297,1.2647058823529411,0.8248,0.00241,0.6225,-3.50041,0.0,0.0,0.4739984167483841,-0.030098416748384094,-0.8871755431351476
ETH-17MAY26-2225-P,put,2026-05-17,2225.0,3.946986305960648,2320.35,10.441574999999998,0.4439,-0.0410929385653026,0.0410929385653026,front_week,-0.4360573067425523,0.4875,-0.9814813117258832,0.1282894736842105,0.6135376546023559,0.0689655172413792,-0.1752,0.00241,0.6225,-3.50041,15.0,15.0,0.4739984167483841,-0.030098416748384094,-0.8871755431351476
ETH-17MAY26-2425-C,call,2026-05-17,2425.0,3.946986305960648,2320.35,9.2814,0.4342,0.0451009545973668,0.0451009545973668,front_week,-0.6118211079228052,0.3875,-1.106647472053235,0.1019736842105263,0.6270286945382259,0.1234567901234566,0.17041,0.00242,0.61161,-3.36402,73.0,73.0,0.4510006349746589,-0.016800634974658946,-0.495212508460553
ETH-17MAY26-2425-P,put,2026-05-17,2425.0,3.946986305960648,2320.35,113.69715,0.4342,0.0451009545973668,0.0451009545973668,front_week,-0.6118211079228052,0.3875,-1.106647472053235,0.1019736842105263,0.4975754317516296,1.2533333333333332,-0.82959,0.00242,0.61161,-3.36402,0.0,0.0,0.4510006349746589,-0.016800634974658946,-0.495212508460553
ETH-17MAY26-2200-C,call,2026-05-17,2200.0,3.946986305960648,2320.35,127.61925,0.4579,-0.0518671752106363,0.0518671752106363,front_week,-0.1823775936988902,0.5875,-0.8008291215626959,0.2203947368421052,0.4007373250880973,1.3035714285714286,0.8737,0.00188,0.50037,-2.90223,0.0,0.0,0.47896412022477464,-0.021064120224774663,-0.6208822363416108
ETH-17MAY26-2200-P,put,2026-05-17,2200.0,3.946986305960648,2320.35,7.193084999999999,0.4579,-0.0518671752106363,0.0518671752106363,front_week,-0.1823775936988902,0.5875,-0.8008291215626959,0.2203947368421052,0.542625944942819,0.1016949152542372,-0.1263,0.00188,0.50037,-2.90223,0.0,0.0,0.47896412022477464,-0.021064120224774663,-0.6208822363416108
ETH-17MAY26-2450-C,call,2026-05-17,2450.0,3.946986305960648,2320.35,6.49698,0.4438,0.0558751912427004,0.0558751912427004,front_week,-0.437869304692865,0.4375,-0.9827716845127636,0.1151315789473684,0.5673469755611076,0.175438596491228,0.12437,0.00192,0.49501,-2.78258,0.0,0.0,0.45021689300761814,-0.006416893007618163,-0.18914318938651192
ETH-17MAY26-2450-P,put,2026-05-17,2450.0,3.946986305960648,2320.35,135.97251,0.4438,0.0558751912427004,0.0558751912427004,front_week,-0.437869304692865,0.4375,-0.9827716845127636,0.1151315789473684,0.4675976021275235,1.3709677419354838,-0.87563,0.00192,0.49501,-2.78258,0.0,0.0,0.45021689300761814,-0.006416893007618163,-0.18914318938651192
ETH-17MAY26-2175-C,call,2026-05-17,2175.0,3.946986305960648,2320.35,150.590715,0.476,-0.0626414118559699,0.0626414118559699,front_week,0.1455940353075596,0.6875,-0.5672716471374317,0.3388157894736842,0.3441193548902587,1.129770992366412,0.90877,0.00143,0.39583,-2.38654,0.0,0.0,0.4843944860910928,-0.008394486091092834,-0.2474343690388817
ETH-17MAY26-2175-P,put,2026-05-17,2175.0,3.946986305960648,2320.35,4.872735,0.476,-0.0626414118559699,0.0626414118559699,front_week,0.1455940353075596,0.6875,-0.5672716471374317,0.3388157894736842,0.4352758174752927,0.1904761904761904,-0.09123,0.00143,0.39583,-2.38654,0.0,0.0,0.4843944860910928,-0.008394486091092834,-0.2474343690388817
ETH-17MAY26-2475-C,call,2026-05-17,2475.0,3.946986305960648,2320.35,4.6407,0.4558,0.066649427888034,0.066649427888034,front_week,-0.2204295506554395,0.5375,-0.827926950087174,0.1809210526315789,0.5032533126439434,0.2000000000000001,0.09078,0.00149,0.3944,-2.27706,0.0,0.0,0.44989781343050506,0.005902186569494927,0.17397179457147885
ETH-17MAY26-2475-P,put,2026-05-17,2475.0,3.946986305960648,2320.35,158.943975,0.4558,0.066649427888034,0.066649427888034,front_week,-0.2204295506554395,0.5375,-0.827926950087174,0.1809210526315789,0.4175390269296577,1.2167832167832169,-0.90922,0.00149,0.3944,-2.27706,0.0,0.0,0.44989781343050506,0.005902186569494927,0.17397179457147885
ETH-17MAY26-2150-C,call,2026-05-17,2150.0,3.946986305960648,2320.35,174.02624999999998,0.4934,-0.0734156485013036,0.0734156485013036,front_week,0.4608816786618267,0.7375,-0.3427467822203266,0.4440789473684211,0.3057541021514331,1.0100334448160535,0.93491,0.00107,0.30631,-1.91425,0.0,0.0,0.4902895143473388,0.003110485652661199,0.09168411818412131
ETH-17MAY26-2150-P,put,2026-05-17,2150.0,3.946986305960648,2320.35,3.480525,0.4934,-0.0734156485013036,0.0734156485013036,front_week,0.4608816786618267,0.7375,-0.3427467822203266,0.4440789473684211,0.3875275011662114,0.206896551724138,-0.06509,0.00107,0.30631,-1.91425,0.0,0.0,0.4902895143473388,0.003110485652661199,0.09168411818412131
ETH-17MAY26-2500-C,call,2026-05-17,2500.0,3.946986305960648,2320.35,3.24849,0.4675999999999999,0.0774236645333679,0.0774236645333679,front_week,-0.0066137925186394,0.6375,-0.6756629612353453,0.2467105263157894,0.4494689128777168,0.206896551724138,0.06582,0.00113,0.30896,-1.83001,0.0,0.0,0.4500433962433197,0.017556603756680222,0.5174953089277553
ETH-17MAY26-2500-P,put,2026-05-17,2500.0,3.946986305960648,2320.35,182.611545,0.4675999999999999,0.0774236645333679,0.0774236645333679,front_week,-0.0066137925186394,0.6375,-0.6756629612353453,0.2467105263157894,0.3676955138629385,1.0892307692307692,-0.93418,0.00113,0.30896,-1.83001,0.0,0.0,0.4500433962433197,0.017556603756680222,0.5174953089277553
ETH-17MAY26-2125-C,call,2026-05-17,2125.0,3.946986305960648,2320.35,198.15789,0.5179,-0.0841898851466372,0.0841898851466372,front_week,0.904821176488237,0.8375,-0.0266054494347477,0.5888157894736842,0.2422541437569015,0.8672566371681416,0.95167,0.0008,0.24222,-1.58909,0.0,0.0,0.49664920499351245,0.021250795006487577,0.6263846287843854
ETH-17MAY26-2125-P,put,2026-05-17,2125.0,3.946986305960648,2320.35,2.552385,0.5179,-0.0841898851466372,0.0841898851466372,front_week,0.904821176488237,0.8375,-0.0266054494347477,0.5888157894736842,0.2789888376344526,0.2857142857142857,-0.04834,0.0008,0.24228,-1.58944,0.0,0.0,0.49664920499351245,0.021250795006487577,0.6263846287843854
ETH-17MAY26-2100-C,call,2026-05-17,2100.0,3.946986305960648,2320.35,222.521565,0.5425,-0.094964121791971,0.094964121791971,front_week,1.350572672264958,0.9375,0.29082625613771,0.7467105263157895,0.2028821756416058,0.7748691099476439,0.96393,0.00061,0.19112,-1.31323,0.0,0.0,0.5034735580296139,0.03902644197038607,1.1503364160697396
ETH-17MAY26-2100-P,put,2026-05-17,2100.0,3.946986305960648,2320.35,1.85628,0.5425,-0.094964121791971,0.094964121791971,front_week,1.350572672264958,0.9375,0.29082625613771,0.7467105263157895,0.260025032784463,0.2499999999999999,-0.03607,0.00061,0.19112,-1.31323,0.0,0.0,0.5034735580296139,0.03902644197038607,1.1503364160697396
ETH-17MAY26-2550-C,call,2026-05-17,2550.0,3.946986305960648,2320.35,1.85628,0.5014,0.0989721378240351,0.0989721378240351,front_week,0.605841514686776,0.7875,-0.2395169592699342,0.4835526315789473,0.2745403190410208,0.4000000000000001,0.03732,0.00067,0.19653,-1.24815,0.0,0.0,0.4517285490387322,0.04967145096126774,1.4641067951602276
ETH-17MAY26-2550-P,put,2026-05-17,2550.0,3.946986305960648,2320.35,231.338895,0.5014,0.0989721378240351,0.0989721378240351,front_week,0.605841514686776,0.7875,-0.2395169592699342,0.4835526315789473,0.2745403190410208,0.8823529411764705,-0.96268,0.00067,0.19653,-1.24815,0.0,0.0,0.4517285490387322,0.04967145096126774,1.4641067951602276
ETH-17MAY26-2600-C,call,2026-05-17,2600.0,3.946986305960648,2320.35,0.92814,0.5246,0.1205206111147025,0.1205206111147025,front_week,1.0262250391591314,0.8875,0.0598495272862054,0.6282894736842105,0.2152708777770595,0.6666666666666666,0.01982,0.00038,0.11595,-0.77049,0.0,0.0,0.45527235139385575,0.06932764860614421,2.0434893576168167
ETH-17MAY26-2600-P,put,2026-05-17,2600.0,3.946986305960648,2320.35,280.29828,0.5246,0.1205206111147025,0.1205206111147025,front_week,1.0262250391591314,0.8875,0.0598495272862054,0.6282894736842105,0.2152708777770595,0.7423935091277891,-0.98018,0.00038,0.11595,-0.77049,0.0,0.0,0.45527235139385575,0.06932764860614421,2.0434893576168167
ETH-17MAY26-2000-C,call,2026-05-17,2000.0,3.946986305960648,2320.35,321.13644,0.643,-0.1380610683733056,0.1380610683733056,front_week,3.1716306123283955,0.9875,1.5876509069520226,0.9046052631578948,0.1767627863253389,0.4972776769509982,0.98798,0.0002,0.07549,-0.61485,0.0,0.0,0.535417594073297,0.10758240592670298,3.1710797351137354
ETH-17MAY26-2000-P,put,2026-05-17,2000.0,3.946986305960648,2320.35,0.6961049999999999,0.643,-0.1380610683733056,0.1380610683733056,front_week,3.1716306123283955,0.9875,1.5876509069520226,0.9046052631578948,0.1767627863253389,0.6666666666666666,-0.01202,0.0002,0.07549,-0.61485,1.0,1.0,0.535417594073297,0.10758240592670298,3.1710797351137354
ETH-22MAY26-2300-C,call,2026-05-22,2300.0,8.946986305960648,2320.35,76.33951499999999,0.4509,-0.0087702286293015,0.0087702286293015,front_month,-0.8106307511846803,0.1833333333333333,-0.8911552166442892,0.1677631578947368,0.7410262050118133,0.0303030303030301,0.56623,0.0024,1.42997,-3.60348,1723.0,2409.0,0.48220107312773186,-0.03130107312773184,-0.9226248272444212
ETH-22MAY26-2300-P,put,2026-05-22,2300.0,8.946986305960648,2320.35,54.760259999999995,0.4509,-0.0087702286293015,0.0087702286293015,front_month,-0.8106307511846803,0.1833333333333333,-0.8911552166442892,0.1677631578947368,0.734026112905338,0.0425531914893617,-0.43377,0.0024,1.42997,-3.60348,3680.0,2290.0,0.48220107312773186,-0.03130107312773184,-0.9226248272444212
ETH-22MAY26-2350-C,call,2026-05-22,2350.0,8.946986305960648,2320.35,51.97584,0.4481,0.0127782446613657,0.0127782446613657,front_month,-0.845350811912558,0.05,-0.927285654676927,0.1414473684210526,0.7818213302273119,0.0444444444444445,0.44466,0.00243,1.43602,-3.59581,2708.0,723.0,0.4767392882919451,-0.02863928829194512,-0.8441665340013136
ETH-22MAY26-2350-P,put,2026-05-22,2350.0,8.946986305960648,2320.35,80.516145,0.4481,0.0127782446613657,0.0127782446613657,front_month,-0.845350811912558,0.05,-0.927285654676927,0.1414473684210526,0.7906550086262079,0.0289855072463768,-0.55519,0.00243,1.43614,-3.5961,1040.0,0.0,0.4767392882919451,-0.02863928829194512,-0.8441665340013136
ETH-22MAY26-2250-C,call,2026-05-22,2250.0,8.946986305960648,2320.35,106.968135,0.4568,-0.0303187019199688,0.0303187019199688,front_month,-0.7374706232223676,0.3166666666666666,-0.8150232222183749,0.2072368421052631,0.6764439551695344,0.043010752688172,0.68197,0.00215,1.29644,-3.30962,33.0,50.0,0.48952150752322954,-0.032721507523229554,-0.9644932971658893
ETH-22MAY26-2250-P,put,2026-05-22,2250.0,8.946986305960648,2320.35,35.501355,0.4568,-0.0303187019199688,0.0303187019199688,front_month,-0.7374706232223676,0.3166666666666666,-0.8150232222183749,0.2072368421052631,0.6641551686871994,0.0645161290322582,-0.31803,0.00215,1.29644,-3.30962,3140.0,2277.0,0.48952150752322954,-0.032721507523229554,-0.9644932971658893
ETH-22MAY26-2400-C,call,2026-05-22,2400.0,8.946986305960648,2320.35,34.34118,0.4501,0.0343267179520332,0.0343267179520332,front_month,-0.8205507685355027,0.1166666666666666,-0.9014781989393288,0.1546052631578947,0.739329268225966,0.0666666666666666,0.33121,0.00222,1.31823,-3.31592,5391.0,5813.0,0.4731361530158692,-0.0230361530158692,-0.6790095218113206
ETH-22MAY26-2400-P,put,2026-05-22,2400.0,8.946986305960648,2320.35,112.76901,0.4501,0.0343267179520332,0.0343267179520332,front_month,-0.8205507685355027,0.1166666666666666,-0.9014781989393288,0.1546052631578947,0.7538604415200258,0.0412371134020619,-0.66879,0.00222,1.31823,-3.31592,385.0,0.0,0.4731361530158692,-0.0230361530158692,-0.6790095218113206
ETH-22MAY26-2200-C,call,2026-05-22,2200.0,8.946986305960648,2320.35,144.093735,0.4705,-0.0518671752106363,0.0518671752106363,front_month,-0.5675903260895387,0.45,-0.638242150415827,0.2730263157894737,0.5196396109415321,0.2024291497975709,0.77835,0.00174,1.08082,-2.84177,217.0,139.0,0.49870059147843837,-0.028200591478438397,-0.8312355852724114
ETH-22MAY26-2200-P,put,2026-05-22,2200.0,8.946986305960648,2320.35,22.507395,0.4705,-0.0518671752106363,0.0518671752106363,front_month,-0.5675903260895387,0.45,-0.638242150415827,0.2730263157894737,0.606009381521829,0.0512820512820512,-0.22165,0.00174,1.08082,-2.84177,4546.0,2701.0,0.49870059147843837,-0.028200591478438397,-0.8312355852724114
ETH-22MAY26-2450-C,call,2026-05-22,2450.0,8.946986305960648,2320.35,22.043325,0.4559,0.0558751912427004,0.0558751912427004,front_month,-0.7486306427420419,0.25,-0.8266365773002935,0.194078947368421,0.6600609672533013,0.1052631578947369,0.23607,0.00186,1.11974,-2.8528,2298.0,516.0,0.47139166729950444,-0.015491667299504408,-0.45662961163047555
ETH-22MAY26-2450-P,put,2026-05-22,2450.0,8.946986305960648,2320.35,150.590715,0.4559,0.0558751912427004,0.0558751912427004,front_month,-0.7486306427420419,0.25,-0.8266365773002935,0.194078947368421,0.520211343193151,1.1205673758865249,-0.76393,0.00186,1.11974,-2.8528,95.0,0.0,0.47139166729950444,-0.015491667299504408,-0.45662961163047555
ETH-22MAY26-2150-C,call,2026-05-22,2150.0,8.946986305960648,2320.35,185.395965,0.4877,-0.0734156485013036,0.0734156485013036,front_month,-0.3543099530468623,0.5166666666666667,-0.4162980310724814,0.4046052631578947,0.3891750395557793,0.6159695817490494,0.85161,0.00131,0.84137,-2.2931,150.0,0.0,0.509738324993358,-0.022038324993358005,-0.6495977216748776
ETH-22MAY26-2150-P,put,2026-05-22,2150.0,8.946986305960648,2320.35,14.154135,0.4877,-0.0734156485013036,0.0734156485013036,front_month,-0.3543099530468623,0.5166666666666667,-0.4162980310724814,0.4046052631578947,0.4939369443176841,0.1666666666666667,-0.14839,0.00131,0.84137,-2.2931,2087.0,1012.0,0.509738324993358,-0.022038324993358005,-0.6495977216748776
ETH-22MAY26-2500-C,call,2026-05-22,2500.0,8.946986305960648,2320.35,13.9221,0.4634,0.0774236645333679,0.0774236645333679,front_month,-0.6556304800780851,0.3833333333333333,-0.7298586182843007,0.2335526315789473,0.5659320567122562,0.1666666666666667,0.16242,0.00146,0.89306,-2.3128,9366.0,1825.0,0.4715058311428505,-0.008105831142850517,-0.23892602746642094
ETH-22MAY26-2500-P,put,2026-05-22,2500.0,8.946986305960648,2320.35,192.357015,0.4634,0.0774236645333679,0.0774236645333679,front_month,-0.6556304800780851,0.3833333333333333,-0.7298586182843007,0.2335526315789473,0.4611701519503515,0.515970515970516,-0.83758,0.00146,0.89306,-2.3128,18.0,0.0,0.4715058311428505,-0.008105831142850517,-0.23892602746642094
ETH-22MAY26-2100-C,call,2026-05-22,2100.0,8.946986305960648,2320.35,230.410755,0.5132,-0.094964121791971,0.094964121791971,front_month,-0.0381093999894074,0.65,-0.0872529704181041,0.5098684210526315,0.3107782565097811,0.5281899109792285,0.90118,0.00093,0.63237,-1.81354,0.0,0.0,0.5226347080679887,-0.00943470806798874,-0.27809576578438616
ETH-22MAY26-2100-P,put,2026-05-22,2100.0,8.946986305960648,2320.35,9.049365,0.5132,-0.094964121791971,0.094964121791971,front_month,-0.0381093999894074,0.65,-0.0872529704181041,0.5098684210526315,0.4807030685398564,0.0526315789473683,-0.09882,0.00093,0.63237,-1.81354,2637.0,860.0,0.5226347080679887,-0.00943470806798874,-0.27809576578438616
ETH-22MAY26-2600-C,call,2026-05-22,2600.0,8.946986305960648,2320.35,5.800875,0.4894,0.1205206111147025,0.1205206111147025,front_month,-0.3332299161763656,0.5833333333333334,-0.3943616936955231,0.4177631578947368,0.4873657948287171,0.1176470588235296,0.07489,0.00079,0.51394,-1.40549,6611.0,528.0,0.4773101075086756,0.012089892491324417,0.35635950645185105
ETH-22MAY26-2600-P,put,2026-05-22,2600.0,8.946986305960648,2320.35,284.24287499999997,0.4894,0.1205206111147025,0.1205206111147025,front_month,-0.3332299161763656,0.5833333333333334,-0.3943616936955231,0.4177631578947368,0.468471067895174,0.15071283095723,-0.92511,0.00079,0.51394,-1.40549,1.0,0.0,0.4773101075086756,0.012089892491324417,0.35635950645185105
ETH-22MAY26-2000-C,call,2026-05-22,2000.0,8.946986305960648,2320.35,325.31307,0.5804,-0.1380610683733056,0.1380610683733056,front_month,0.7951720574796518,0.85,0.7798775423651975,0.8388157894736842,0.2248877863253389,0.4902998236331569,0.9541,0.00046,0.35005,-1.13534,5.0,0.0,0.5540034228963828,0.026396577103617203,0.7780607805580892
ETH-22MAY26-2000-P,put,2026-05-22,2000.0,8.946986305960648,2320.35,4.176629999999999,0.5804,-0.1380610683733056,0.1380610683733056,front_month,0.7951720574796518,0.85,0.7798775423651975,0.8388157894736842,0.3269286026518695,0.1714285714285714,-0.0459,0.00046,0.35005,-1.13534,2022.0,13.0,0.5540034228963828,0.026396577103617203,0.7780607805580892
ETH-22MAY26-2700-C,call,2026-05-22,2700.0,8.946986305960648,2320.35,2.7844199999999995,0.5286,0.1636175576960372,0.1636175576960372,front_month,0.1528509340139181,0.7166666666666667,0.1114644387614019,0.680921052631579,0.2759669646512687,0.3333333333333333,0.03725,0.00042,0.29558,-0.87313,2583.0,330.0,0.4905489821133445,0.038051017886655436,1.121584990421502
ETH-22MAY26-2700-P,put,2026-05-22,2700.0,8.946986305960648,2320.35,381.00147,0.5286,0.1636175576960372,0.1636175576960372,front_month,0.1528509340139181,0.7166666666666667,0.1114644387614019,0.680921052631579,0.3426942925250936,0.2165605095541398,-0.96275,0.00042,0.29558,-0.87313,1.0,0.0,0.4905489821133445,0.038051017886655436,1.121584990421502
ETH-22MAY26-2800-C,call,2026-05-22,2800.0,8.946986305960648,2320.35,1.3922099999999995,0.5689,0.2067145042773719,0.2067145042773719,front_month,0.6525718080615829,0.7833333333333333,0.6314846718740067,0.7993421052631579,0.2344904324778589,0.4615384615384615,0.01973,0.00023,0.17395,-0.55302,673.0,0.0,0.5112224549568573,0.05767754504314271,1.7000929908746534
ETH-22MAY26-2800-P,put,2026-05-22,2800.0,8.946986305960648,2320.35,479.616345,0.5689,0.2067145042773719,0.2067145042773719,front_month,0.6525718080615829,0.7833333333333333,0.6314846718740067,0.7993421052631579,0.2344904324778589,0.4755077658303465,-0.98027,0.00023,0.17395,-0.55302,0.0,0.0,0.5112224549568573,0.05767754504314271,1.7000929908746534
ETH-22MAY26-1800-C,call,2026-05-22,1800.0,8.946986305960648,2320.35,522.310785,0.7299,-0.2242549615359751,0.2242549615359751,front_month,2.6489752999145364,0.9833333333333332,2.708984858750666,0.9835526315789472,0.1991731357386721,0.2831661092530658,0.98881,0.00011,0.10686,-0.43584,1.0,0.0,0.6390446472697029,0.0908553527302971,2.6780361099745953
ETH-22MAY26-1800-P,put,2026-05-22,1800.0,8.946986305960648,2320.35,1.160175,0.7299,-0.2242549615359751,0.2242549615359751,front_month,2.6489752999145364,0.9833333333333332,2.708984858750666,0.9835526315789472,0.1609823410261383,0.6666666666666666,-0.01119,0.00011,0.10686,-0.43584,5947.0,65.0,0.6390446472697029,0.0908553527302971,2.6780361099745953
ETH-22MAY26-3000-C,call,2026-05-22,3000.0,8.946986305960648,2320.35,0.46407,0.6503,0.2929083974400415,0.2929083974400415,front_month,1.6619335735077347,0.9166666666666666,1.6818481203942557,0.9177631578947368,0.1705849871786584,1.2,0.0068,8e-05,0.06908,-0.25102,188.0,0.0,0.5748731953604146,0.0754268046395854,2.2232669888413796
ETH-22MAY26-3000-P,put,2026-05-22,3000.0,8.946986305960648,2320.35,678.702375,0.6503,0.2929083974400415,0.2929083974400415,front_month,1.6619335735077347,0.9166666666666666,1.6818481203942557,0.9177631578947368,0.1705849871786584,0.3553299492385785,-0.9932,8e-05,0.06908,-0.25102,0.0,0.0,0.5748731953604146,0.0754268046395854,2.2232669888413796
ETH-29MAY26-2300-C,call,2026-05-29,2300.0,15.946986305960648,2320.35,103.255575,0.4755,-0.0087702286293015,0.0087702286293015,front_month,-0.8114378922324631,0.19,-0.5737235110718313,0.3256578947368421,0.716715155370682,0.0224719101123596,0.55852,0.00171,1.91574,-2.85611,10108.0,480.0,0.4876291315201149,-0.01212913152011491,-0.35751610903896786
ETH-29MAY26-2300-P,put,2026-05-29,2300.0,15.946986305960648,2320.35,80.74817999999999,0.4755,-0.0087702286293015,0.0087702286293015,front_month,-0.8114378922324631,0.19,-0.5737235110718313,0.3256578947368421,0.7048902653629452,0.0431654676258991,-0.44148,0.00171,1.91574,-2.85611,18200.0,489.0,0.4876291315201149,-0.01212913152011491,-0.35751610903896786
ETH-29MAY26-2350-C,call,2026-05-29,2350.0,15.946986305960648,2320.35,78.8919,0.4725999999999999,0.0127782446613657,0.0127782446613657,front_month,-0.8455952673627278,0.15,-0.6111443218913496,0.3125,0.7290663218695971,0.0294117647058824,0.47202,0.00173,1.93185,-2.8627,9150.0,184.0,0.48238677889851167,-0.009786778898511761,-0.28847334254872126
ETH-29MAY26-2350-P,put,2026-05-29,2350.0,15.946986305960648,2320.35,106.504065,0.4725999999999999,0.0127782446613657,0.0127782446613657,front_month,-0.8455952673627278,0.15,-0.6111443218913496,0.3125,0.7334506843102255,0.0217391304347825,-0.52798,0.00173,1.93185,-2.8627,17052.0,86.0,0.48238677889851167,-0.009786778898511761,-0.28847334254872126
ETH-29MAY26-2250-C,call,2026-05-29,2250.0,15.946986305960648,2320.35,132.02791499999998,0.4799,-0.0303187019199688,0.0303187019199688,front_month,-0.7596129092762004,0.27,-0.516947108449115,0.3651315789473684,0.677411346427714,0.0264317180616742,0.64273,0.0016,1.81129,-2.72561,15416.0,406.0,0.4947301337014292,-0.014830133701429216,-0.43713036573721714
ETH-29MAY26-2250-P,put,2026-05-29,2250.0,15.946986305960648,2320.35,59.632995,0.4799,-0.0303187019199688,0.0303187019199688,front_month,-0.7596129092762004,0.27,-0.516947108449115,0.3651315789473684,0.670106221734665,0.0392156862745097,-0.35727,0.0016,1.81129,-2.72561,16348.0,824.0,0.4947301337014292,-0.014830133701429216,-0.43713036573721714
ETH-29MAY26-2400-C,call,2026-05-29,2400.0,15.946986305960648,2320.35,58.93689,0.4702,0.0343267179520332,0.0343267179520332,front_month,-0.8738634398843245,0.03,-0.6421132687764662,0.2598684210526316,0.7637351318888648,0.0392156862745097,0.3877,0.00168,1.85935,-2.74138,16885.0,2950.0,0.47900307583661916,-0.008803075836619156,-0.2594778872224828
ETH-29MAY26-2400-P,put,2026-05-29,2400.0,15.946986305960648,2320.35,136.43658,0.4702,0.0343267179520332,0.0343267179520332,front_month,-0.8738634398843245,0.03,-0.6421132687764662,0.2598684210526316,0.7715544298208035,0.025531914893617,-0.61227,0.00168,1.85941,-2.74147,7475.0,2032.0,0.47900307583661916,-0.008803075836619156,-0.2594778872224828
ETH-29MAY26-2200-C,call,2026-05-29,2200.0,15.946986305960648,2320.35,165.440955,0.4868,-0.0518671752106363,0.0518671752106363,front_month,-0.6783419132766068,0.35,-0.4279113861544008,0.3914473684210526,0.6208178151693743,0.0559440559440557,0.72003,0.00142,1.63399,-2.49372,11649.0,3.0,0.5036897854424545,-0.016889785442454452,-0.49784029168743904
ETH-29MAY26-2200-P,put,2026-05-29,2200.0,15.946986305960648,2320.35,43.15850999999999,0.4868,-0.0518671752106363,0.0518671752106363,front_month,-0.6783419132766068,0.35,-0.4279113861544008,0.3914473684210526,0.6218978162493752,0.0540540540540541,-0.27995,0.00142,1.63395,-2.49366,13452.0,879.0,0.5036897854424545,-0.016889785442454452,-0.49784029168743904
ETH-29MAY26-2450-C,call,2026-05-29,2450.0,15.946986305960648,2320.35,43.390545,0.4713,0.0558751912427004,0.0558751912427004,front_month,-0.860907194145259,0.07,-0.6279191681207874,0.2861842105263157,0.735763528206828,0.0540540540540541,0.31077,0.00154,1.71442,-2.53358,7186.0,1647.0,0.4774780223344378,-0.006178022334437816,-0.1821022801922032
ETH-29MAY26-2450-P,put,2026-05-29,2450.0,15.946986305960648,2320.35,170.77776,0.4713,0.0558751912427004,0.0558751912427004,front_month,-0.860907194145259,0.07,-0.6279191681207874,0.2861842105263157,0.7434855359288357,0.0405405405405405,-0.68923,0.00154,1.71442,-2.53358,2111.0,0.0,0.4774780223344378,-0.006178022334437816,-0.1821022801922032
ETH-29MAY26-2150-C,call,2026-05-29,2150.0,15.946986305960648,2320.35,203.030625,0.4968,-0.0734156485013036,0.0734156485013036,front_month,-0.5605578611032828,0.47,-0.2988741074664094,0.4703947368421052,0.5664190166179108,0.0512820512820511,0.78659,0.00121,1.4123,-2.19997,13116.0,50.0,0.5145080867431907,-0.017708086743190687,-0.5219603943160215
ETH-29MAY26-2150-P,put,2026-05-29,2150.0,15.946986305960648,2320.35,30.860655,0.4968,-0.0734156485013036,0.0734156485013036,front_month,-0.5605578611032828,0.47,-0.2988741074664094,0.4703947368421052,0.5517670019658962,0.0769230769230768,-0.21341,0.00121,1.4123,-2.19997,7413.0,158.0,0.5145080867431907,-0.017708086743190687,-0.5219603943160215
ETH-29MAY26-2500-C,call,2026-05-29,2500.0,15.946986305960648,2320.35,31.324724999999997,0.4725,0.0774236645333679,0.0774236645333679,front_month,-0.8467731078844604,0.11,-0.6124346946782288,0.2993421052631579,0.7047234493218032,0.074074074074074,0.24299,0.00136,1.51927,-2.25089,25111.0,540.0,0.4778116183919674,-0.005311618391967421,-0.156564312708353
ETH-29MAY26-2500-P,put,2026-05-29,2500.0,15.946986305960648,2320.35,208.8315,0.4725,0.0774236645333679,0.0774236645333679,front_month,-0.8467731078844604,0.11,-0.6124346946782288,0.2993421052631579,0.7028525966222211,0.0773480662983426,-0.7569,0.00136,1.51969,-2.25151,762.0,0.0,0.4778116183919674,-0.005311618391967421,-0.156564312708353
ETH-29MAY26-2100-C,call,2026-05-29,2100.0,15.946986305960648,2320.35,244.10082,0.5111,-0.094964121791971,0.094964121791971,front_month,-0.3921266664954298,0.51,-0.1143507989425822,0.4967105263157895,0.5321755334202449,0.0522565320665082,0.84036,0.00098,1.1794,-1.88998,7939.0,0.0,0.5271850376036379,-0.016085037603637886,-0.4741196884757351
ETH-29MAY26-2100-P,put,2026-05-29,2100.0,15.946986305960648,2320.35,21.81129,0.5111,-0.094964121791971,0.094964121791971,front_month,-0.3921266664954298,0.51,-0.1143507989425822,0.4967105263157895,0.5311483779987901,0.0540540540540541,-0.15964,0.00098,1.1794,-1.88998,6869.0,99.0,0.5271850376036379,-0.016085037603637886,-0.4741196884757351
ETH-29MAY26-2550-C,call,2026-05-29,2550.0,15.946986305960648,2320.35,22.73943,0.4775,0.0989721378240351,0.0989721378240351,front_month,-0.7878810817977984,0.23,-0.547916055334233,0.3519736842105263,0.6660612144090164,0.0512820512820512,0.18765,0.00116,1.30729,-1.95703,12107.0,6.0,0.4800038640092079,-0.0025038640092079345,-0.07380344723364418
ETH-29MAY26-2550-P,put,2026-05-29,2550.0,15.946986305960648,2320.35,250.13373,0.4775,0.0989721378240351,0.0989721378240351,front_month,-0.7878810817977984,0.23,-0.547916055334233,0.3519736842105263,0.4953652437130457,0.4313725490196078,-0.81244,0.00116,1.30685,-1.95636,144.0,0.0,0.4800038640092079,-0.0025038640092079345,-0.07380344723364418
ETH-29MAY26-2050-C,call,2026-05-29,2050.0,15.946986305960648,2320.35,287.491365,0.5251,-0.1165125950826383,0.1165125950826383,front_month,-0.2272289934527762,0.59,0.0663013912206057,0.6414473684210527,0.4925477113982189,0.0483870967741935,0.88335,0.00077,0.95185,-1.56702,5811.0,0.0,0.541720638023796,-0.016620638023795986,-0.48990695056428624
ETH-29MAY26-2050-P,put,2026-05-29,2050.0,15.946986305960648,2320.35,15.31431,0.5251,-0.1165125950826383,0.1165125950826383,front_month,-0.2272289934527762,0.59,0.0663013912206057,0.6414473684210527,0.4322853930713845,0.1538461538461537,-0.11664,0.00077,0.95176,-1.56693,4994.0,1074.0,0.541720638023796,-0.016620638023795986,-0.48990695056428624
ETH-29MAY26-2600-C,call,2026-05-29,2600.0,15.946986305960648,2320.35,16.242449999999998,0.4816,0.1205206111147025,0.1205206111147025,front_month,-0.7395896204067356,0.31,-0.4950107710721567,0.3782894736842105,0.5770141223051815,0.1428571428571427,0.14219,0.00096,1.09194,-1.64902,25812.0,1106.0,0.48405475918615937,-0.0024547591861593943,-0.07235604226138818
ETH-29MAY26-2600-P,put,2026-05-29,2600.0,15.946986305960648,2320.35,293.524275,0.4816,0.1205206111147025,0.1205206111147025,front_month,-0.7395896204067356,0.31,-0.4950107710721567,0.3782894736842105,0.4586467753664058,0.3904923599320883,-0.85781,0.00096,1.09194,-1.64902,78.0,10.0,0.48405475918615937,-0.0024547591861593943,-0.07235604226138818
ETH-29MAY26-2000-C,call,2026-05-29,2000.0,15.946986305960648,2320.35,333.20226,0.5492,-0.1380610683733056,0.1380610683733056,front_month,0.0566305722849345,0.67,0.3772812328586647,0.7598684210526315,0.4660244322880718,0.0382608695652174,0.91309,0.00059,0.76808,-1.32254,6807.0,0.0,0.558114888003665,-0.008914888003665022,-0.2627736426390317
ETH-29MAY26-2000-P,put,2026-05-29,2000.0,15.946986305960648,2320.35,11.137679999999998,0.5492,-0.1380610683733056,0.1380610683733056,front_month,0.0566305722849345,0.67,0.3772812328586647,0.7598684210526315,0.4392555674803541,0.0851063829787234,-0.08691,0.00059,0.76808,-1.32254,10588.0,3156.0,0.558114888003665,-0.008914888003665022,-0.2627736426390317
ETH-29MAY26-2650-C,call,2026-05-29,2650.0,15.946986305960648,2320.35,11.833785,0.4909,0.14206908440537,0.14206908440537,front_month,-0.630050451885544,0.39,-0.3750061018923245,0.4309210526315789,0.5619149229024701,0.0952380952380951,0.1086,0.00078,0.90449,-1.39227,8380.0,26.0,0.48996430392282186,0.0009356960771781386,0.027580410040156333
ETH-29MAY26-2650-P,put,2026-05-29,2650.0,15.946986305960648,2320.35,339.003135,0.4909,0.14206908440537,0.14206908440537,front_month,-0.630050451885544,0.39,-0.3750061018923245,0.4309210526315789,0.416336691609953,0.5098039215686274,-0.89136,0.00078,0.90474,-1.39267,11.0,0.0,0.48996430392282186,0.0009356960771781386,0.027580410040156333
ETH-29MAY26-1950-C,call,2026-05-29,1950.0,15.946986305960648,2320.35,380.07333,0.5710000000000001,-0.1596095416639731,0.1596095416639731,front_month,0.3133998060227811,0.75,0.6585825003984862,0.8125,0.436385070947467,0.033587786259542,0.93635,0.00045,0.60562,-1.08427,304.0,0.0,0.5763677875432452,-0.005367787543245184,-0.15821994455466812
ETH-29MAY26-1950-P,put,2026-05-29,1950.0,15.946986305960648,2320.35,8.121224999999999,0.5710000000000001,-0.1596095416639731,0.1596095416639731,front_month,0.3133998060227811,0.75,0.6585825003984862,0.8125,0.3883512009109029,0.1176470588235293,-0.06365,0.00045,0.60562,-1.08427,5559.0,19.0,0.5763677875432452,-0.005367787543245184,-0.15821994455466812
ETH-29MAY26-2700-C,call,2026-05-29,2700.0,15.946986305960648,2320.35,8.353259999999999,0.4959,0.1636175576960372,0.1636175576960372,front_month,-0.571158425798882,0.43,-0.3104874625483287,0.4572368421052631,0.5143725571760887,0.1369863013698631,0.08065,0.00062,0.72614,-1.12906,18472.0,170.0,0.4977324982191952,-0.0018324982191951777,-0.05401438941122891
ETH-29MAY26-2700-P,put,2026-05-29,2700.0,15.946986305960648,2320.35,385.64217,0.4959,0.1636175576960372,0.1636175576960372,front_month,-0.571158425798882,0.43,-0.3104874625483287,0.4572368421052631,0.4012266104582754,0.3349917081260364,-0.91935,0.00062,0.72614,-1.12906,41.0,0.0,0.4977324982191952,-0.0018324982191951777,-0.05401438941122891
ETH-29MAY26-1900-C,call,2026-05-29,1900.0,15.946986305960648,2320.35,428.1045749999999,0.5966,-0.1811580149546404,0.1811580149546404,front_month,0.6149269795864898,0.79,0.9889179338397432,0.8519736842105263,0.3143448089692048,0.2151162790697675,0.95281,0.00034,0.47803,-0.89419,186.0,0.0,0.5964793366425363,0.00012066335746374612,0.0035566515205540388
ETH-29MAY26-1900-P,put,2026-05-29,1900.0,15.946986305960648,2320.35,6.032909999999999,0.5966,-0.1811580149546404,0.1811580149546404,front_month,0.6149269795864898,0.79,0.9889179338397432,0.8519736842105263,0.3933123530530279,0.076923076923077,-0.04717,0.00034,0.4779,-0.89395,8735.0,24.0,0.5964793366425363,0.00012066335746374612,0.0035566515205540388
ETH-29MAY26-1850-C,call,2026-05-29,1850.0,15.946986305960648,2320.35,476.59989,0.6261,-0.2027064882453078,0.2027064882453078,front_month,0.962389933497795,0.83,1.369577905969317,0.8782894736842105,0.3077858285321503,0.1945525291828793,0.96435,0.00026,0.3808,-0.74761,50.0,0.0,0.6184495353015382,0.007650464698461756,0.2255037276822368
ETH-29MAY26-1850-P,put,2026-05-29,1850.0,15.946986305960648,2320.35,4.408665,0.6261,-0.2027064882453078,0.2027064882453078,front_month,0.962389933497795,0.83,1.369577905969317,0.8782894736842105,0.3588083264110888,0.1052631578947369,-0.03563,0.00026,0.38065,-0.74731,3105.0,7.0,0.6184495353015382,0.007650464698461756,0.2255037276822368
ETH-29MAY26-2800-C,call,2026-05-29,2800.0,15.946986305960648,2320.35,4.6407,0.5146000000000001,0.2067145042773719,0.2067145042773719,front_month,-0.3509022482347657,0.55,-0.0691877514017845,0.5361842105263158,0.4340106571825863,0.1538461538461539,0.0461,0.00039,0.46921,-0.75714,23163.0,11.0,0.518844835491075,-0.004244835491074905,-0.12512001092269787
ETH-29MAY26-2800-P,put,2026-05-29,2800.0,15.946986305960648,2320.35,481.47262499999994,0.5146000000000001,0.2067145042773719,0.2067145042773719,front_month,-0.3509022482347657,0.55,-0.0691877514017845,0.5361842105263158,0.4168324331078106,0.1839080459770114,-0.9539,0.00039,0.46915,-0.75704,9.0,0.0,0.518844835491075,-0.004244835491074905,-0.12512001092269787
ETH-29MAY26-1800-C,call,2026-05-29,1800.0,15.946986305960648,2320.35,525.559275,0.6544,-0.2242549615359751,0.2242549615359751,front_month,1.2957188011483016,0.87,1.7347534046563322,0.930921052631579,0.312736919780717,0.1538461538461539,0.97333,0.00019,0.29952,-0.61455,71.0,0.0,0.6422783835202512,0.012121616479748742,0.35729459705465744
ETH-29MAY26-1800-P,put,2026-05-29,1800.0,15.946986305960648,2320.35,3.480525,0.6544,-0.2242549615359751,0.2242549615359751,front_month,1.2957188011483016,0.87,1.7347534046563322,0.930921052631579,0.2824224067075832,0.206896551724138,-0.02667,0.00019,0.29952,-0.61454,15233.0,3.0,0.6422783835202512,0.012121616479748742,0.35729459705465744
ETH-29MAY26-1750-C,call,2026-05-29,1750.0,15.946986305960648,2320.35,574.51866,0.6834,-0.2458034348266424,0.2458034348266424,front_month,1.6372925524509412,0.91,2.108961512851507,0.9572368421052632,0.2397696090967582,0.2494969818913482,0.97997,0.00015,0.23532,-0.50425,96.0,0.0,0.6679658812986751,0.01543411870132494,0.45493331945426735
ETH-29MAY26-1750-P,put,2026-05-29,1750.0,15.946986305960648,2320.35,2.552385,0.6834,-0.2458034348266424,0.2458034348266424,front_month,1.6372925524509412,0.91,2.108961512851507,0.9572368421052632,0.2784432091385677,0.1818181818181816,-0.02003,0.00015,0.23532,-0.50425,4401.0,0.0,0.6679658812986751,0.01543411870132494,0.45493331945426735
ETH-29MAY26-2900-C,call,2026-05-29,2900.0,15.946986305960648,2320.35,2.7844199999999995,0.5396,0.2498114508587068,0.2498114508587068,front_month,-0.056442117801457,0.63,0.2534054453181925,0.7203947368421053,0.3304693868468922,0.2608695652173912,0.02794,0.00024,0.31139,-0.52687,7230.0,62.0,0.5473917710017986,-0.00779177100179862,-0.22966884697935172
ETH-29MAY26-2900-P,put,2026-05-29,2900.0,15.946986305960648,2320.35,579.62343,0.5396,0.2498114508587068,0.2498114508587068,front_month,-0.056442117801457,0.63,0.2534054453181925,0.7203947368421053,0.4304439464487809,0.085914085914086,-0.97206,0.00024,0.31139,-0.52687,5.0,0.0,0.5473917710017986,-0.00779177100179862,-0.22966884697935172
ETH-29MAY26-1700-C,call,2026-05-29,1700.0,15.946986305960648,2320.35,623.942115,0.7165,-0.2673519081173099,0.2673519081173099,front_month,2.0271577651446435,0.95,2.5360749053087583,0.9703947368421052,0.2401053498739563,0.2168674698795179,0.98456,0.00011,0.18844,-0.42332,77.0,0.0,0.6955120286368102,0.02098797136318986,0.6186376861315321
ETH-29MAY26-1700-P,put,2026-05-29,1700.0,15.946986305960648,2320.35,2.0883149999999997,0.7165,-0.2673519081173099,0.2673519081173099,front_month,2.0271577651446435,0.95,2.5360749053087583,0.9703947368421052,0.237045491392411,0.2222222222222222,-0.01544,0.00011,0.18843,-0.42331,17716.0,30.0,0.6955120286368102,0.02098797136318986,0.6186376861315321
ETH-29MAY26-3000-C,call,2026-05-29,3000.0,15.946986305960648,2320.35,1.624245,0.568,0.2929083974400415,0.2929083974400415,front_month,0.2780645903707826,0.71,0.6198713167920873,0.7861842105263158,0.2429183205119917,0.4000000000000001,0.01803,0.00016,0.21527,-0.38338,27246.0,7.0,0.5833733047513661,-0.015373304751366113,-0.4531407783536524
ETH-29MAY26-3000-P,put,2026-05-29,3000.0,15.946986305960648,2320.35,678.47034,0.568,0.2929083974400415,0.2929083974400415,front_month,0.2780645903707826,0.71,0.6198713167920873,0.7861842105263158,0.2429183205119917,0.3634826711749789,-0.98197,0.00016,0.21527,-0.38338,6.0,0.0,0.5833733047513661,-0.015373304751366113,-0.4531407783536524
ETH-29MAY26-1600-C,call,2026-05-29,1600.0,15.946986305960648,2320.35,723.2530949999999,0.7827,-0.3104488546986446,0.3104488546986446,front_month,2.806888190532047,0.99,3.390301690223259,0.9967105263157896,0.33407246249297,0.0128410914927768,0.99086,6e-05,0.11962,-0.29359,2608.0,0.0,0.7561802719922128,0.026519728007787124,0.7816907545599743
ETH-29MAY26-1600-P,put,2026-05-29,1600.0,15.946986305960648,2320.35,1.160175,0.7827,-0.3104488546986446,0.3104488546986446,front_month,2.806888190532047,0.99,3.390301690223259,0.9967105263157896,0.2375141251641673,0.1818181818181816,-0.00914,6e-05,0.11962,-0.29359,9162.0,22.0,0.7561802719922128,0.026519728007787124,0.7816907545599743
ETH-26JUN26-2300-C,call,2026-06-26,2300.0,43.94698630596065,2320.35,179.13102,0.5195000000000001,-0.0087702286293015,0.0087702286293015,mid_curve,-0.6679455675423414,0.296875,-0.0059594848446686,0.6019736842105263,0.6374151777329023,0.012987012987013,0.56068,0.00094,3.18265,-1.88126,8718.0,1319.0,0.4749946043582232,0.04450539564177686,1.3118330735140018
ETH-26JUN26-2300-P,put,2026-06-26,2300.0,43.94698630596065,2320.35,153.1431,0.5195000000000001,-0.0087702286293015,0.0087702286293015,mid_curve,-0.6679455675423414,0.296875,-0.0059594848446686,0.6019736842105263,0.6361783193531868,0.0151515151515152,-0.43914,0.00094,3.18269,-1.88128,7309.0,1165.0,0.4749946043582232,0.04450539564177686,1.3118330735140018
ETH-26JUN26-2400-C,call,2026-06-26,2400.0,43.94698630596065,2320.35,133.884195,0.5165,0.0343267179520332,0.0343267179520332,mid_curve,-0.7331242364629222,0.171875,-0.0446706684510674,0.5625,0.681753528594987,0.0086580086580085,0.46616,0.00095,3.20838,-1.88542,15337.0,2056.0,0.46717194433688575,0.04932805566311421,1.453984936834714
ETH-26JUN26-2400-P,put,2026-06-26,2400.0,43.94698630596065,2320.35,207.671325,0.5165,0.0343267179520332,0.0343267179520332,mid_curve,-0.7331242364629222,0.171875,-0.0446706684510674,0.5625,0.6803162853381108,0.0111731843575418,-0.53384,0.00095,3.20838,-1.88542,6562.0,2110.0,0.46717194433688575,0.04932805566311421,1.453984936834714
ETH-26JUN26-2200-C,call,2026-06-26,2200.0,43.94698630596065,2320.35,234.587385,0.526,-0.0518671752106363,0.0518671752106363,mid_curve,-0.5267251182144225,0.484375,0.077914746302525,0.6677631578947368,0.5616297064922644,0.0148148148148146,0.65418,0.00087,2.97641,-1.78115,7532.0,86.0,0.49025186261840453,0.03574813738159549,1.0537056969712384
ETH-26JUN26-2200-P,put,2026-06-26,2200.0,43.94698630596065,2320.35,108.824415,0.526,-0.0518671752106363,0.0518671752106363,mid_curve,-0.5267251182144225,0.484375,0.077914746302525,0.6677631578947368,0.5579372602466265,0.0212765957446809,-0.34582,0.00087,2.97641,-1.78115,15683.0,209.0,0.49025186261840453,0.03574813738159549,1.0537056969712384
ETH-26JUN26-2500-C,call,2026-06-26,2500.0,43.94698630596065,2320.35,98.150805,0.5142,0.0774236645333679,0.0774236645333679,mid_curve,-0.7830945493020317,0.046875,-0.074349242549305,0.5230263157894737,0.7175423190048387,0.0118343195266271,0.37643,0.00091,3.06426,-1.79282,66547.0,123.0,0.4667838825543922,0.04741611744560781,1.3976289882565167
ETH-26JUN26-2500-P,put,2026-06-26,2500.0,43.94698630596065,2320.35,271.712985,0.5142,0.0774236645333679,0.0774236645333679,mid_curve,-0.7830945493020317,0.046875,-0.074349242549305,0.5230263157894737,0.7145367775377588,0.017094017094017,-0.62329,0.00091,3.06535,-1.79346,5161.0,8.0,0.4667838825543922,0.04741611744560781,1.3976289882565167
ETH-26JUN26-2100-C,call,2026-06-26,2100.0,43.94698630596065,2320.35,300.71736,0.5371,-0.094964121791971,0.094964121791971,mid_curve,-0.2855640432082821,0.609375,0.2211461256461953,0.7072368421052632,0.4978309270232028,0.0348162475822052,0.73965,0.00075,2.62005,-1.60099,1378.0,0.0,0.5129437191174298,0.02415628088257027,0.7120262102580538
ETH-26JUN26-2100-P,put,2026-06-26,2100.0,43.94698630596065,2320.35,75.17934,0.5371,-0.094964121791971,0.094964121791971,mid_curve,-0.2855640432082821,0.609375,0.2211461256461953,0.7072368421052632,0.5001435080591883,0.0307692307692308,-0.26035,0.00075,2.62005,-1.60099,3883.0,40.0,0.5129437191174298,0.02415628088257027,0.7120262102580538
ETH-26JUN26-2600-C,call,2026-06-26,2600.0,43.94698630596065,2320.35,71.00271,0.5146999999999999,0.1205206111147025,0.1205206111147025,mid_curve,-0.7722314378152699,0.109375,-0.0678973786149061,0.5493421052631579,0.6745373796639769,0.0327868852459017,0.29681,0.00083,2.7929,-1.63548,15948.0,94.0,0.4738304190107424,0.040869580989257526,1.2046644517870553
ETH-26JUN26-2600-P,put,2026-06-26,2600.0,43.94698630596065,2320.35,344.10790499999996,0.5146999999999999,0.1205206111147025,0.1205206111147025,mid_curve,-0.7722314378152699,0.109375,-0.0678973786149061,0.5493421052631579,0.6681337530556404,0.0439932318104906,-0.70309,0.00083,2.79348,-1.63581,18754.0,0.0,0.4738304190107424,0.040869580989257526,1.2046644517870553
ETH-26JUN26-2000-C,call,2026-06-26,2000.0,43.94698630596065,2320.35,376.1287349999999,0.5539000000000001,-0.1380610683733056,0.1380610683733056,mid_curve,0.079436502746958,0.734375,0.4379287538420211,0.7730263157894737,0.4442576352264378,0.0369230769230769,0.81127,0.0006,2.18154,-1.37493,55738.0,0.0,0.5430701738552987,0.010829826144701404,0.3192180164260805
ETH-26JUN26-2000-P,put,2026-06-26,2000.0,43.94698630596065,2320.35,50.815665,0.5539000000000001,-0.1380610683733056,0.1380610683733056,mid_curve,0.079436502746958,0.734375,0.4379287538420211,0.7730263157894737,0.439382510351313,0.0454545454545454,-0.18873,0.0006,2.18154,-1.37493,20521.0,48.0,0.5430701738552987,0.010829826144701404,0.3192180164260805
ETH-26JUN26-2700-C,call,2026-06-26,2700.0,43.94698630596065,2320.35,50.815665,0.5167,0.1636175576960372,0.1636175576960372,mid_curve,-0.7287789918682152,0.234375,-0.0420899228773064,0.5756578947368421,0.6256164430355435,0.0229885057471263,0.22937,0.00073,2.44744,-1.43889,7499.0,167.0,0.4883115537059365,0.028388446294063563,0.8367727601835055
ETH-26JUN26-2700-P,put,2026-06-26,2700.0,43.94698630596065,2320.35,423.69591,0.5167,0.1636175576960372,0.1636175576960372,mid_curve,-0.7287789918682152,0.234375,-0.0420899228773064,0.5756578947368421,0.6121017424199489,0.046639231824417,-0.77063,0.00073,2.44744,-1.43889,343.0,0.0,0.4883115537059365,0.028388446294063563,0.8367727601835055
ETH-26JUN26-1900-C,call,2026-06-26,1900.0,43.94698630596065,2320.35,458.96523,0.5744,-0.1811580149546404,0.1811580149546404,mid_curve,0.5248240737042433,0.796875,0.7024551751524026,0.8256578947368421,0.4175461296930546,0.0303030303030303,0.86769,0.00046,1.72859,-1.12967,555.0,0.0,0.5806312268320116,-0.006231226832011605,-0.1836705264367434
ETH-26JUN26-1900-P,put,2026-06-26,1900.0,43.94698630596065,2320.35,33.645075,0.5744,-0.1811580149546404,0.1811580149546404,mid_curve,0.5248240737042433,0.796875,0.7024551751524026,0.8256578947368421,0.3954532800139981,0.0689655172413792,-0.13233,0.00046,1.72876,-1.12978,5431.0,275.0,0.5806312268320116,-0.006231226832011605,-0.1836705264367434
ETH-26JUN26-2800-C,call,2026-06-26,2800.0,43.94698630596065,2320.35,36.429495,0.5207,0.2067145042773719,0.2067145042773719,mid_curve,-0.6418740999741104,0.359375,0.00952498859789,0.6151315789473685,0.5460094896975209,0.0645161290322582,0.17482,0.00061,2.07946,-1.23193,17306.0,320.0,0.5102272866399744,0.010472713360025643,0.3086918239238708
ETH-26JUN26-2800-P,put,2026-06-26,2800.0,43.94698630596065,2320.35,508.85275499999995,0.5207,0.2067145042773719,0.2067145042773719,mid_curve,-0.6418740999741104,0.359375,0.00952498859789,0.6151315789473685,0.5581161162890118,0.0433295324971493,-0.82518,0.00061,2.07946,-1.23193,6024.0,0.0,0.5102272866399744,0.010472713360025643,0.3086918239238708
ETH-26JUN26-1800-C,call,2026-06-26,1800.0,43.94698630596065,2320.35,547.6025999999999,0.6026,-0.2242549615359751,0.2242549615359751,mid_curve,1.137503561557681,0.859375,1.066340301052538,0.8651315789473685,0.3910646586754204,0.0232804232804231,0.90846,0.00034,1.3275,-0.91018,743.0,0.0,0.6256268780475684,-0.023026878047568422,-0.6787361345063141
ETH-26JUN26-1800-P,put,2026-06-26,1800.0,43.94698630596065,2320.35,22.507395,0.6026,-0.2242549615359751,0.2242549615359751,mid_curve,1.137503561557681,0.859375,1.066340301052538,0.8651315789473685,0.3750637283887758,0.0512820512820512,-0.09153,0.00034,1.32734,-0.91008,5612.0,103.0,0.6256268780475684,-0.023026878047568422,-0.6787361345063141
ETH-26JUN26-2900-C,call,2026-06-26,2900.0,43.94698630596065,2320.35,25.98792,0.5257999999999999,0.2498114508587068,0.2498114508587068,mid_curve,-0.5310703628091296,0.421875,0.075334000728764,0.6546052631578947,0.5269846344314332,0.0444444444444445,0.13209,0.0005,1.72657,-1.03297,14139.0,90.0,0.5395776178128564,-0.013777617812856469,-0.40610659585227693
ETH-26JUN26-2900-P,put,2026-06-26,2900.0,43.94698630596065,2320.35,598.1862299999999,0.5257999999999999,0.2498114508587068,0.2498114508587068,mid_curve,-0.5310703628091296,0.421875,0.075334000728764,0.6546052631578947,0.4119242159227388,0.2458001768346597,-0.86794,0.0005,1.72631,-1.03281,10.0,0.0,0.5395776178128564,-0.013777617812856469,-0.40610659585227693
ETH-26JUN26-1700-C,call,2026-06-26,1700.0,43.94698630596065,2320.35,639.720495,0.6347999999999999,-0.2673519081173099,0.2673519081173099,mid_curve,1.8370879413052208,0.921875,1.4818403384278684,0.8914473684210527,0.3624965099408561,0.0199095022624434,0.93752,0.00024,0.99248,-0.71676,273.0,0.0,0.6780571275019691,-0.043257127501969195,-1.2750393453199227
ETH-26JUN26-1700-P,put,2026-06-26,1700.0,43.94698630596065,2320.35,15.082275,0.6347999999999999,-0.2673519081173099,0.2673519081173099,mid_curve,1.8370879413052208,0.921875,1.4818403384278684,0.8914473684210527,0.2859612804644502,0.1538461538461537,-0.06248,0.00024,0.99248,-0.71676,5119.0,7.0,0.6780571275019691,-0.043257127501969195,-1.2750393453199227
ETH-26JUN26-3000-C,call,2026-06-26,3000.0,43.94698630596065,2320.35,18.794835,0.5326,0.2929083974400415,0.2929083974400415,mid_curve,-0.3833320465891511,0.546875,0.1630793502365985,0.694078947368421,0.4285834990834202,0.1250000000000002,0.09965,0.00041,1.41306,-0.85625,10824.0,101.0,0.576362547224582,-0.04376254722458206,-1.2899370065713025
ETH-26JUN26-3000-P,put,2026-06-26,3000.0,43.94698630596065,2320.35,690.768195,0.5326,0.2929083974400415,0.2929083974400415,mid_curve,-0.3833320465891511,0.546875,0.1630793502365985,0.694078947368421,0.4808366150949256,0.0335570469798657,-0.90037,0.00041,1.41282,-0.85611,13312.0,1.0,0.576362547224582,-0.04376254722458206,-1.2899370065713025
ETH-26JUN26-1600-C,call,2026-06-26,1600.0,43.94698630596065,2320.35,734.854845,0.6728000000000001,-0.3104488546986446,0.3104488546986446,mid_curve,2.6626844142992177,0.984375,1.972181997442237,0.944078947368421,0.3334567781357024,0.0173638516179952,0.95729,0.00017,0.73354,-0.56152,1764.0,0.0,0.7379219751952135,-0.06512197519521346,-1.9195236811567133
ETH-26JUN26-1600-P,put,2026-06-26,1600.0,43.94698630596065,2320.35,10.20954,0.6728000000000001,-0.3104488546986446,0.3104488546986446,mid_curve,2.6626844142992177,0.984375,1.972181997442237,0.944078947368421,0.3168009059705701,0.0465116279069768,-0.04271,0.00017,0.73354,-0.56152,7447.0,53.0,0.7379219751952135,-0.06512197519521346,-1.9195236811567133
ETH-26JUN26-3100-C,call,2026-06-26,3100.0,43.94698630596065,2320.35,13.690065,0.5416,0.3360053440213761,0.3360053440213761,mid_curve,-0.1877960398274156,0.671875,0.2792129010557907,0.7335526315789473,0.3979532402019359,0.0869565217391306,0.07584,0.00033,1.1525,-0.71013,4875.0,10.0,0.6205820748751515,-0.07898207487515152,-2.328061497755206
ETH-26JUN26-3100-P,put,2026-06-26,3100.0,43.94698630596065,2320.35,785.438475,0.5416,0.3360053440213761,0.3360053440213761,mid_curve,-0.1877960398274156,0.671875,0.2792129010557907,0.7335526315789473,0.3314731364547514,0.2032967032967033,-0.92416,0.00033,1.15242,-0.71008,0.0,0.0,0.6205820748751515,-0.07898207487515152,-2.328061497755206
